ImportId,qname,qname_main,main,field_no,q_text,q_code,option1,q_type,q_selector
startDate,StartDate,StartDate,Start Date,NA,NA,NA,NA,NA,NA
endDate,EndDate,EndDate,End Date,NA,NA,NA,NA,NA,NA
status,Status,Status,Response Type,NA,NA,NA,NA,NA,NA
ipAddress,IPAddress,IPAddress,IP Address,NA,NA,NA,NA,NA,NA
progress,Progress,Progress,Progress,NA,NA,NA,NA,NA,NA
duration,Duration (in seconds),Duration (in seconds),Duration (in seconds),NA,NA,NA,NA,NA,NA
finished,Finished,Finished,Finished,NA,NA,NA,NA,NA,NA
recordedDate,RecordedDate,RecordedDate,Recorded Date,NA,NA,NA,NA,NA,NA
,ResponseId,ResponseId,Response ID,NA,NA,NA,NA,NA,NA
recipientLastName,RecipientLastName,RecipientLastName,Recipient Last Name,NA,NA,NA,NA,NA,NA
recipientFirstName,RecipientFirstName,RecipientFirstName,Recipient First Name,NA,NA,NA,NA,NA,NA
recipientEmail,RecipientEmail,RecipientEmail,Recipient Email,NA,NA,NA,NA,NA,NA
externalDataReference,ExternalReference,ExternalReference,External Data Reference,NA,NA,NA,NA,NA,NA
locationLatitude,LocationLatitude,LocationLatitude,Location Latitude,NA,NA,NA,NA,NA,NA
locationLongitude,LocationLongitude,LocationLongitude,Location Longitude,NA,NA,NA,NA,NA,NA
distributionChannel,DistributionChannel,DistributionChannel,Distribution Channel,NA,NA,NA,NA,NA,NA
userLanguage,UserLanguage,UserLanguage,User Language,NA,NA,NA,NA,NA,NA
QID3,Informed Consent,Informed Consent,Protocol Title: “Using collaborative open science tools to improve engagement with the ecology of the Guana River Estuary”,NA,I agree,1,NA,MC,SAVR
QID3,Informed Consent,Informed Consent,Protocol Title: “Using collaborative open science tools to improve engagement with the ecology of the Guana River Estuary”,NA,I do not agree,2,NA,MC,SAVR
QID6,D-1_1,D-1,How are you connected to the Guana Estuary? (check all that apply),NA,"Recreational (fishing, boating, hiking, birding, etc.)",1,NA,MC,MAVR
QID6,D-1_2,D-1,How are you connected to the Guana Estuary? (check all that apply),NA,"Educational (I use the Guana Estuary for educational workshops, field trips, classroom activities, etc.)",2,NA,MC,MAVR
QID6,D-1_3,D-1,How are you connected to the Guana Estuary? (check all that apply),NA,Scientific (I collect/use data about the Guana Estuary),3,NA,MC,MAVR
QID6,D-1_6,D-1,How are you connected to the Guana Estuary? (check all that apply),NA,Work-related (Not research or education),6,NA,MC,MAVR
QID6,D-1_4,D-1,How are you connected to the Guana Estuary? (check all that apply),NA,GTMNERR volunteer,4,NA,MC,MAVR
QID6,D-1_7,D-1,How are you connected to the Guana Estuary? (check all that apply),NA,"“Friends of GTM"" member",7,NA,MC,MAVR
QID6,D-1_5,D-1,How are you connected to the Guana Estuary? (check all that apply),NA,Other (please specify):,5,NA,MC,MAVR
QID6,D-1_5_TEXT,D-1,How are you connected to the Guana Estuary? (check all that apply),NA,Other (please specify):,5,TEXT,MC,MAVR
QID7,D-2,D-2,"How often do you engage with the Guana Estuary, on average?",NA,Daily,1,NA,MC,SAVR
QID7,D-2,D-2,"How often do you engage with the Guana Estuary, on average?",NA,At least once a week,2,NA,MC,SAVR
QID7,D-2,D-2,"How often do you engage with the Guana Estuary, on average?",NA,2-3 times a month,3,NA,MC,SAVR
QID7,D-2,D-2,"How often do you engage with the Guana Estuary, on average?",NA,Once a month,4,NA,MC,SAVR
QID7,D-2,D-2,"How often do you engage with the Guana Estuary, on average?",NA,Once every 6 months,5,NA,MC,SAVR
QID7,D-2,D-2,"How often do you engage with the Guana Estuary, on average?",NA,Once every year,6,NA,MC,SAVR
QID7,D-2,D-2,"How often do you engage with the Guana Estuary, on average?",NA,Less than once a year,7,NA,MC,SAVR
QID8,D-3_1,D-3,"Regardless of whether you can currently access data, what kind of information would or are you generally interested in from the area?



Pick only those that apply, and please rank your selection in order of interest: 1 = most interested in.",NA,Weather information,1,NA,RO,VR
QID8,D-3_2,D-3,"Regardless of whether you can currently access data, what kind of information would or are you generally interested in from the area?



Pick only those that apply, and please rank your selection in order of interest: 1 = most interested in.",NA,Water quality information (including nutrients and algae),2,NA,RO,VR
QID8,D-3_3,D-3,"Regardless of whether you can currently access data, what kind of information would or are you generally interested in from the area?



Pick only those that apply, and please rank your selection in order of interest: 1 = most interested in.",NA,"Water level information (tides, Guana lake, river)",3,NA,RO,VR
QID8,D-3_4,D-3,"Regardless of whether you can currently access data, what kind of information would or are you generally interested in from the area?



Pick only those that apply, and please rank your selection in order of interest: 1 = most interested in.",NA,Reserve or trail closures,4,NA,RO,VR
QID8,D-3_5,D-3,"Regardless of whether you can currently access data, what kind of information would or are you generally interested in from the area?



Pick only those that apply, and please rank your selection in order of interest: 1 = most interested in.",NA,Information on vegetation (salt marsh or uplands),5,NA,RO,VR
QID8,D-3_6,D-3,"Regardless of whether you can currently access data, what kind of information would or are you generally interested in from the area?



Pick only those that apply, and please rank your selection in order of interest: 1 = most interested in.",NA,"Information on fish, shellfish or other aquatic organisms",6,NA,RO,VR
QID8,D-3_7,D-3,"Regardless of whether you can currently access data, what kind of information would or are you generally interested in from the area?



Pick only those that apply, and please rank your selection in order of interest: 1 = most interested in.",NA,Information on terrestrial animals,7,NA,RO,VR
QID8,D-3_8,D-3,"Regardless of whether you can currently access data, what kind of information would or are you generally interested in from the area?



Pick only those that apply, and please rank your selection in order of interest: 1 = most interested in.",NA,None,8,NA,RO,VR
QID8,D-3_9,D-3,"Regardless of whether you can currently access data, what kind of information would or are you generally interested in from the area?



Pick only those that apply, and please rank your selection in order of interest: 1 = most interested in.",NA,Other (please specify),9,NA,RO,VR
QID8,D-3_9_TEXT,D-3,"Regardless of whether you can currently access data, what kind of information would or are you generally interested in from the area?



Pick only those that apply, and please rank your selection in order of interest: 1 = most interested in.",NA,Other (please specify),9,TEXT,RO,VR
QID9,D-4,D-4,"Have you ever accessed data* about the Guana Estuary?



*by ""data"", we mean ""information, especially facts or numbers, collected to be examined and considered and used to help decision-making; or information in an electronic form that can be stored and used by a computer"" for instance spreadsheets, databases, graphs, and maps.",NA,Yes,1,NA,MC,SAVR
QID9,D-4,D-4,"Have you ever accessed data* about the Guana Estuary?



*by ""data"", we mean ""information, especially facts or numbers, collected to be examined and considered and used to help decision-making; or information in an electronic form that can be stored and used by a computer"" for instance spreadsheets, databases, graphs, and maps.",NA,No,2,NA,MC,SAVR
QID10,ND-1,ND-1,"If you had the opportunity to access data in the future, how often would you access or obtain these data?",NA,Daily,1,NA,MC,SAVR
QID10,ND-1,ND-1,"If you had the opportunity to access data in the future, how often would you access or obtain these data?",NA,At least once a week,2,NA,MC,SAVR
QID10,ND-1,ND-1,"If you had the opportunity to access data in the future, how often would you access or obtain these data?",NA,2-3 times a month,3,NA,MC,SAVR
QID10,ND-1,ND-1,"If you had the opportunity to access data in the future, how often would you access or obtain these data?",NA,Once a month,4,NA,MC,SAVR
QID10,ND-1,ND-1,"If you had the opportunity to access data in the future, how often would you access or obtain these data?",NA,Once every 6 months,5,NA,MC,SAVR
QID10,ND-1,ND-1,"If you had the opportunity to access data in the future, how often would you access or obtain these data?",NA,Once every year,6,NA,MC,SAVR
QID10,ND-1,ND-1,"If you had the opportunity to access data in the future, how often would you access or obtain these data?",NA,Less than once a year,7,NA,MC,SAVR
QID10,ND-1,ND-1,"If you had the opportunity to access data in the future, how often would you access or obtain these data?",NA,Never (not interested in accessing data),8,NA,MC,SAVR
QID11,ND-2_1,ND-2,"If you had the opportunity to access data in the future, what would you use these data for? (check all that apply)",NA,Research,1,NA,MC,MAVR
QID11,ND-2_2,ND-2,"If you had the opportunity to access data in the future, what would you use these data for? (check all that apply)",NA,Educational purposes,2,NA,MC,MAVR
QID11,ND-2_3,ND-2,"If you had the opportunity to access data in the future, what would you use these data for? (check all that apply)",NA,Work-related purposes (not research or education),3,NA,MC,MAVR
QID11,ND-2_4,ND-2,"If you had the opportunity to access data in the future, what would you use these data for? (check all that apply)",NA,Decision making (recreational/educational/scientific visits),4,NA,MC,MAVR
QID11,ND-2_5,ND-2,"If you had the opportunity to access data in the future, what would you use these data for? (check all that apply)",NA,Monitoring,5,NA,MC,MAVR
QID11,ND-2_6,ND-2,"If you had the opportunity to access data in the future, what would you use these data for? (check all that apply)",NA,No specific use: curiosity,6,NA,MC,MAVR
QID11,ND-2_7,ND-2,"If you had the opportunity to access data in the future, what would you use these data for? (check all that apply)",NA,Other (please specify),7,NA,MC,MAVR
QID11,ND-2_7_TEXT,ND-2,"If you had the opportunity to access data in the future, what would you use these data for? (check all that apply)",NA,Other (please specify),7,TEXT,MC,MAVR
QID23,T-1_1,T-1,"Once this dashboard has been developed, how would you prefer to access it? (check all that apply)",NA,Computer,1,NA,MC,MAVR
QID23,T-1_2,T-1,"Once this dashboard has been developed, how would you prefer to access it? (check all that apply)",NA,Mobile phone,2,NA,MC,MAVR
QID23,T-1_3,T-1,"Once this dashboard has been developed, how would you prefer to access it? (check all that apply)",NA,Tablet,3,NA,MC,MAVR
QID23,T-1_4,T-1,"Once this dashboard has been developed, how would you prefer to access it? (check all that apply)",NA,Other (please specify),4,NA,MC,MAVR
QID23,T-1_4_TEXT,T-1,"Once this dashboard has been developed, how would you prefer to access it? (check all that apply)",NA,Other (please specify),4,TEXT,MC,MAVR
QID25,T-2_1,T-2,"What type of information would you want to see on the dashboard? 

Pick all those that apply, and please rank your selection in order of interest: 1 = would want to see most.",NA,Historical data (older than 1 year),1,NA,RO,VR
QID25,T-2_2,T-2,"What type of information would you want to see on the dashboard? 

Pick all those that apply, and please rank your selection in order of interest: 1 = would want to see most.",NA,Recent data (within the last year),2,NA,RO,VR
QID25,T-2_3,T-2,"What type of information would you want to see on the dashboard? 

Pick all those that apply, and please rank your selection in order of interest: 1 = would want to see most.",NA,Current data (within the last month),3,NA,RO,VR
QID25,T-2_4,T-2,"What type of information would you want to see on the dashboard? 

Pick all those that apply, and please rank your selection in order of interest: 1 = would want to see most.",NA,Current conditions (today),4,NA,RO,VR
QID25,T-2_7,T-2,"What type of information would you want to see on the dashboard? 

Pick all those that apply, and please rank your selection in order of interest: 1 = would want to see most.",NA,Not sure,7,NA,RO,VR
QID25,T-2_8,T-2,"What type of information would you want to see on the dashboard? 

Pick all those that apply, and please rank your selection in order of interest: 1 = would want to see most.",NA,Other (please specify),8,NA,RO,VR
QID25,T-2_8_TEXT,T-2,"What type of information would you want to see on the dashboard? 

Pick all those that apply, and please rank your selection in order of interest: 1 = would want to see most.",NA,Other (please specify),8,TEXT,RO,VR
QID49,T-3_5,T-3,"What form of information would you want to see on the dashboard? 

Pick all those that apply, and please rank your selection in order of interest: 1 = would want to see most.",NA,"Non-aggregated data (meaning: ""raw"" data, no summaries)",5,NA,RO,VR
QID49,T-3_6,T-3,"What form of information would you want to see on the dashboard? 

Pick all those that apply, and please rank your selection in order of interest: 1 = would want to see most.",NA,"Aggregated data, summarized for time periods",6,NA,RO,VR
QID49,T-3_9,T-3,"What form of information would you want to see on the dashboard? 

Pick all those that apply, and please rank your selection in order of interest: 1 = would want to see most.",NA,"Aggregated data, summarized for locations",9,NA,RO,VR
QID49,T-3_7,T-3,"What form of information would you want to see on the dashboard? 

Pick all those that apply, and please rank your selection in order of interest: 1 = would want to see most.",NA,Not sure,7,NA,RO,VR
QID49,T-3_8,T-3,"What form of information would you want to see on the dashboard? 

Pick all those that apply, and please rank your selection in order of interest: 1 = would want to see most.",NA,Other (please specify),8,NA,RO,VR
QID49,T-3_8_TEXT,T-3,"What form of information would you want to see on the dashboard? 

Pick all those that apply, and please rank your selection in order of interest: 1 = would want to see most.",NA,Other (please specify),8,TEXT,RO,VR
QID24,T-4_1,T-4,"What format of data delivery would suit your needs best? 

Pick all those that apply, and please rank your selection: 1 = would suit my needs best.",NA,"Data downloads (for instance text or comma-delimited files, spreadsheets)",1,NA,RO,VR
QID24,T-4_2,T-4,"What format of data delivery would suit your needs best? 

Pick all those that apply, and please rank your selection: 1 = would suit my needs best.",NA,Tables online,2,NA,RO,VR
QID24,T-4_3,T-4,"What format of data delivery would suit your needs best? 

Pick all those that apply, and please rank your selection: 1 = would suit my needs best.",NA,Figures or plots,3,NA,RO,VR
QID24,T-4_4,T-4,"What format of data delivery would suit your needs best? 

Pick all those that apply, and please rank your selection: 1 = would suit my needs best.",NA,Maps,4,NA,RO,VR
QID24,T-4_5,T-4,"What format of data delivery would suit your needs best? 

Pick all those that apply, and please rank your selection: 1 = would suit my needs best.",NA,Not sure,5,NA,RO,VR
QID24,T-4_6,T-4,"What format of data delivery would suit your needs best? 

Pick all those that apply, and please rank your selection: 1 = would suit my needs best.",NA,Other (please specify),6,NA,RO,VR
QID24,T-4_6_TEXT,T-4,"What format of data delivery would suit your needs best? 

Pick all those that apply, and please rank your selection: 1 = would suit my needs best.",NA,Other (please specify),6,TEXT,RO,VR
QID48,TR-0,TR-0,"Are you part of the stakeholder group that was invited to participate in the project kick-off meetings in November and December 2022 (If you are unsure, click ""No"". If you were invited but could not make it, click ""Yes"").",NA,Yes,1,NA,MC,SAVR
QID48,TR-0,TR-0,"Are you part of the stakeholder group that was invited to participate in the project kick-off meetings in November and December 2022 (If you are unsure, click ""No"". If you were invited but could not make it, click ""Yes"").",NA,No,2,NA,MC,SAVR
QID33,TR-1,TR-1,How much do you trust the UF project team to build a dashboard that meets your needs?,NA,Not at all,1,NA,MC,SAVR
QID33,TR-1,TR-1,How much do you trust the UF project team to build a dashboard that meets your needs?,NA,Not very much,2,NA,MC,SAVR
QID33,TR-1,TR-1,How much do you trust the UF project team to build a dashboard that meets your needs?,NA,Somewhat,3,NA,MC,SAVR
QID33,TR-1,TR-1,How much do you trust the UF project team to build a dashboard that meets your needs?,NA,Very much,4,NA,MC,SAVR
QID34,TR-2,TR-2,To what extent do you believe that the abilities and technical expertise of the UF project team make them capable of building a dashboard that meets your needs?,NA,Not at all capable,1,NA,MC,SAVR
QID34,TR-2,TR-2,To what extent do you believe that the abilities and technical expertise of the UF project team make them capable of building a dashboard that meets your needs?,NA,Not very capable,2,NA,MC,SAVR
QID34,TR-2,TR-2,To what extent do you believe that the abilities and technical expertise of the UF project team make them capable of building a dashboard that meets your needs?,NA,Somewhat capable,3,NA,MC,SAVR
QID34,TR-2,TR-2,To what extent do you believe that the abilities and technical expertise of the UF project team make them capable of building a dashboard that meets your needs?,NA,Very capable,4,NA,MC,SAVR
QID35,TR-3_1,TR-3,"To date, please indicate your level of satisfaction with:",NA,Extremely dissatisfied,9,NA,Matrix,Likert
QID35,TR-3_1,TR-3,"To date, please indicate your level of satisfaction with:",NA,Somewhat dissatisfied,10,NA,Matrix,Likert
QID35,TR-3_1,TR-3,"To date, please indicate your level of satisfaction with:",NA,Neither satisfied nor dissatisfied,11,NA,Matrix,Likert
QID35,TR-3_1,TR-3,"To date, please indicate your level of satisfaction with:",NA,Somewhat satisfied,12,NA,Matrix,Likert
QID35,TR-3_1,TR-3,"To date, please indicate your level of satisfaction with:",NA,Extremely satisfied,13,NA,Matrix,Likert
QID35,TR-3_2,TR-3,"To date, please indicate your level of satisfaction with:",NA,Extremely dissatisfied,9,NA,Matrix,Likert
QID35,TR-3_2,TR-3,"To date, please indicate your level of satisfaction with:",NA,Somewhat dissatisfied,10,NA,Matrix,Likert
QID35,TR-3_2,TR-3,"To date, please indicate your level of satisfaction with:",NA,Neither satisfied nor dissatisfied,11,NA,Matrix,Likert
QID35,TR-3_2,TR-3,"To date, please indicate your level of satisfaction with:",NA,Somewhat satisfied,12,NA,Matrix,Likert
QID35,TR-3_2,TR-3,"To date, please indicate your level of satisfaction with:",NA,Extremely satisfied,13,NA,Matrix,Likert
QID35,TR-3_3,TR-3,"To date, please indicate your level of satisfaction with:",NA,Extremely dissatisfied,9,NA,Matrix,Likert
QID35,TR-3_3,TR-3,"To date, please indicate your level of satisfaction with:",NA,Somewhat dissatisfied,10,NA,Matrix,Likert
QID35,TR-3_3,TR-3,"To date, please indicate your level of satisfaction with:",NA,Neither satisfied nor dissatisfied,11,NA,Matrix,Likert
QID35,TR-3_3,TR-3,"To date, please indicate your level of satisfaction with:",NA,Somewhat satisfied,12,NA,Matrix,Likert
QID35,TR-3_3,TR-3,"To date, please indicate your level of satisfaction with:",NA,Extremely satisfied,13,NA,Matrix,Likert
QID35,TR-3_4,TR-3,"To date, please indicate your level of satisfaction with:",NA,Extremely dissatisfied,9,NA,Matrix,Likert
QID35,TR-3_4,TR-3,"To date, please indicate your level of satisfaction with:",NA,Somewhat dissatisfied,10,NA,Matrix,Likert
QID35,TR-3_4,TR-3,"To date, please indicate your level of satisfaction with:",NA,Neither satisfied nor dissatisfied,11,NA,Matrix,Likert
QID35,TR-3_4,TR-3,"To date, please indicate your level of satisfaction with:",NA,Somewhat satisfied,12,NA,Matrix,Likert
QID35,TR-3_4,TR-3,"To date, please indicate your level of satisfaction with:",NA,Extremely satisfied,13,NA,Matrix,Likert
QID35,TR-3_5,TR-3,"To date, please indicate your level of satisfaction with:",NA,Extremely dissatisfied,9,NA,Matrix,Likert
QID35,TR-3_5,TR-3,"To date, please indicate your level of satisfaction with:",NA,Somewhat dissatisfied,10,NA,Matrix,Likert
QID35,TR-3_5,TR-3,"To date, please indicate your level of satisfaction with:",NA,Neither satisfied nor dissatisfied,11,NA,Matrix,Likert
QID35,TR-3_5,TR-3,"To date, please indicate your level of satisfaction with:",NA,Somewhat satisfied,12,NA,Matrix,Likert
QID35,TR-3_5,TR-3,"To date, please indicate your level of satisfaction with:",NA,Extremely satisfied,13,NA,Matrix,Likert
QID36,TR-4_1,TR-4,Please indicate the extent to which you agree or disagree with the following statements about the UF project team:,NA,Strongly disagree,4,NA,Matrix,Likert
QID36,TR-4_1,TR-4,Please indicate the extent to which you agree or disagree with the following statements about the UF project team:,NA,Somewhat disagree,5,NA,Matrix,Likert
QID36,TR-4_1,TR-4,Please indicate the extent to which you agree or disagree with the following statements about the UF project team:,NA,Neither agree nor disagree,6,NA,Matrix,Likert
QID36,TR-4_1,TR-4,Please indicate the extent to which you agree or disagree with the following statements about the UF project team:,NA,Somewhat agree,7,NA,Matrix,Likert
QID36,TR-4_1,TR-4,Please indicate the extent to which you agree or disagree with the following statements about the UF project team:,NA,Strongly agree,8,NA,Matrix,Likert
QID36,TR-4_2,TR-4,Please indicate the extent to which you agree or disagree with the following statements about the UF project team:,NA,Strongly disagree,4,NA,Matrix,Likert
QID36,TR-4_2,TR-4,Please indicate the extent to which you agree or disagree with the following statements about the UF project team:,NA,Somewhat disagree,5,NA,Matrix,Likert
QID36,TR-4_2,TR-4,Please indicate the extent to which you agree or disagree with the following statements about the UF project team:,NA,Neither agree nor disagree,6,NA,Matrix,Likert
QID36,TR-4_2,TR-4,Please indicate the extent to which you agree or disagree with the following statements about the UF project team:,NA,Somewhat agree,7,NA,Matrix,Likert
QID36,TR-4_2,TR-4,Please indicate the extent to which you agree or disagree with the following statements about the UF project team:,NA,Strongly agree,8,NA,Matrix,Likert
QID36,TR-4_3,TR-4,Please indicate the extent to which you agree or disagree with the following statements about the UF project team:,NA,Strongly disagree,4,NA,Matrix,Likert
QID36,TR-4_3,TR-4,Please indicate the extent to which you agree or disagree with the following statements about the UF project team:,NA,Somewhat disagree,5,NA,Matrix,Likert
QID36,TR-4_3,TR-4,Please indicate the extent to which you agree or disagree with the following statements about the UF project team:,NA,Neither agree nor disagree,6,NA,Matrix,Likert
QID36,TR-4_3,TR-4,Please indicate the extent to which you agree or disagree with the following statements about the UF project team:,NA,Somewhat agree,7,NA,Matrix,Likert
QID36,TR-4_3,TR-4,Please indicate the extent to which you agree or disagree with the following statements about the UF project team:,NA,Strongly agree,8,NA,Matrix,Likert
QID36,TR-4_4,TR-4,Please indicate the extent to which you agree or disagree with the following statements about the UF project team:,NA,Strongly disagree,4,NA,Matrix,Likert
QID36,TR-4_4,TR-4,Please indicate the extent to which you agree or disagree with the following statements about the UF project team:,NA,Somewhat disagree,5,NA,Matrix,Likert
QID36,TR-4_4,TR-4,Please indicate the extent to which you agree or disagree with the following statements about the UF project team:,NA,Neither agree nor disagree,6,NA,Matrix,Likert
QID36,TR-4_4,TR-4,Please indicate the extent to which you agree or disagree with the following statements about the UF project team:,NA,Somewhat agree,7,NA,Matrix,Likert
QID36,TR-4_4,TR-4,Please indicate the extent to which you agree or disagree with the following statements about the UF project team:,NA,Strongly agree,8,NA,Matrix,Likert
QID36,TR-4_5,TR-4,Please indicate the extent to which you agree or disagree with the following statements about the UF project team:,NA,Strongly disagree,4,NA,Matrix,Likert
QID36,TR-4_5,TR-4,Please indicate the extent to which you agree or disagree with the following statements about the UF project team:,NA,Somewhat disagree,5,NA,Matrix,Likert
QID36,TR-4_5,TR-4,Please indicate the extent to which you agree or disagree with the following statements about the UF project team:,NA,Neither agree nor disagree,6,NA,Matrix,Likert
QID36,TR-4_5,TR-4,Please indicate the extent to which you agree or disagree with the following statements about the UF project team:,NA,Somewhat agree,7,NA,Matrix,Likert
QID36,TR-4_5,TR-4,Please indicate the extent to which you agree or disagree with the following statements about the UF project team:,NA,Strongly agree,8,NA,Matrix,Likert
QID36,TR-4_6,TR-4,Please indicate the extent to which you agree or disagree with the following statements about the UF project team:,NA,Strongly disagree,4,NA,Matrix,Likert
QID36,TR-4_6,TR-4,Please indicate the extent to which you agree or disagree with the following statements about the UF project team:,NA,Somewhat disagree,5,NA,Matrix,Likert
QID36,TR-4_6,TR-4,Please indicate the extent to which you agree or disagree with the following statements about the UF project team:,NA,Neither agree nor disagree,6,NA,Matrix,Likert
QID36,TR-4_6,TR-4,Please indicate the extent to which you agree or disagree with the following statements about the UF project team:,NA,Somewhat agree,7,NA,Matrix,Likert
QID36,TR-4_6,TR-4,Please indicate the extent to which you agree or disagree with the following statements about the UF project team:,NA,Strongly agree,8,NA,Matrix,Likert
QID36,TR-4_7,TR-4,Please indicate the extent to which you agree or disagree with the following statements about the UF project team:,NA,Strongly disagree,4,NA,Matrix,Likert
QID36,TR-4_7,TR-4,Please indicate the extent to which you agree or disagree with the following statements about the UF project team:,NA,Somewhat disagree,5,NA,Matrix,Likert
QID36,TR-4_7,TR-4,Please indicate the extent to which you agree or disagree with the following statements about the UF project team:,NA,Neither agree nor disagree,6,NA,Matrix,Likert
QID36,TR-4_7,TR-4,Please indicate the extent to which you agree or disagree with the following statements about the UF project team:,NA,Somewhat agree,7,NA,Matrix,Likert
QID36,TR-4_7,TR-4,Please indicate the extent to which you agree or disagree with the following statements about the UF project team:,NA,Strongly agree,8,NA,Matrix,Likert
QID38,TR-5,TR-5,"In general, how well do you think the scientific community in general does in engaging with local communities?",NA,Terribly,9,NA,MC,SAVR
QID38,TR-5,TR-5,"In general, how well do you think the scientific community in general does in engaging with local communities?",NA,Poorly,10,NA,MC,SAVR
QID38,TR-5,TR-5,"In general, how well do you think the scientific community in general does in engaging with local communities?",NA,Average,11,NA,MC,SAVR
QID38,TR-5,TR-5,"In general, how well do you think the scientific community in general does in engaging with local communities?",NA,Well,12,NA,MC,SAVR
QID38,TR-5,TR-5,"In general, how well do you think the scientific community in general does in engaging with local communities?",NA,Very well,13,NA,MC,SAVR
QID40,TR-6,TR-6,How well do you think this project has done in engaging with the local community?,NA,Terribly,9,NA,MC,SAVR
QID40,TR-6,TR-6,How well do you think this project has done in engaging with the local community?,NA,Poorly,10,NA,MC,SAVR
QID40,TR-6,TR-6,How well do you think this project has done in engaging with the local community?,NA,Average,11,NA,MC,SAVR
QID40,TR-6,TR-6,How well do you think this project has done in engaging with the local community?,NA,Well,12,NA,MC,SAVR
QID40,TR-6,TR-6,How well do you think this project has done in engaging with the local community?,NA,Very well,13,NA,MC,SAVR
QID26,F-1,F-1,Would you be interested in giving (further) input for the project?,NA,Yes,1,NA,MC,SAVR
QID26,F-1,F-1,Would you be interested in giving (further) input for the project?,NA,Maybe,2,NA,MC,SAVR
QID26,F-1,F-1,Would you be interested in giving (further) input for the project?,NA,No,3,NA,MC,SAVR
QID28,F-2_1,F-2,What would be your preferred method of giving us feedback and input? (check all that apply),NA,Participate in meetings to aid the development of the dashboard,1,NA,MC,MAVR
QID28,F-2_2,F-2,What would be your preferred method of giving us feedback and input? (check all that apply),NA,Participate in additional online surveys related to the development of the dashboard,2,NA,MC,MAVR
QID28,F-2_3,F-2,What would be your preferred method of giving us feedback and input? (check all that apply),NA,Participate in testing and evaluating the dashboard,3,NA,MC,MAVR
QID29,F-3,F-3,"Although you do not want to give further input on the project, would you like to receive email updates?",NA,Yes,1,NA,MC,SAVR
QID29,F-3,F-3,"Although you do not want to give further input on the project, would you like to receive email updates?",NA,No,2,NA,MC,SAVR
QID30,F-4,F-4,What is your email address?,NA,NA,NA,NA,NA,NA
QID12,DE-1,DE-1,"What is your primary occupation (if retired, what was your primary occupation)?",NA,NA,NA,NA,NA,NA
QID13,DE-2,DE-2,What is your age?,NA,Under 18,1,NA,MC,SAVR
QID13,DE-2,DE-2,What is your age?,NA,18 - 24,2,NA,MC,SAVR
QID13,DE-2,DE-2,What is your age?,NA,25 - 34,3,NA,MC,SAVR
QID13,DE-2,DE-2,What is your age?,NA,35 - 44,4,NA,MC,SAVR
QID13,DE-2,DE-2,What is your age?,NA,45 - 54,5,NA,MC,SAVR
QID13,DE-2,DE-2,What is your age?,NA,55 - 64,6,NA,MC,SAVR
QID13,DE-2,DE-2,What is your age?,NA,65 or over,7,NA,MC,SAVR
QID13,DE-2,DE-2,What is your age?,NA,Prefer not to answer,8,NA,MC,SAVR
QID14,DE-3,DE-3,What gender do you identify with?,NA,Female,1,NA,MC,SAVR
QID14,DE-3,DE-3,What gender do you identify with?,NA,Male,2,NA,MC,SAVR
QID14,DE-3,DE-3,What gender do you identify with?,NA,Non-binary / other,3,NA,MC,SAVR
QID14,DE-3,DE-3,What gender do you identify with?,NA,Prefer not to answer,4,NA,MC,SAVR
QID15,DE-4,DE-4,What is the driving time from your primary residence to the GTMNERR Visitor Center (505 Guana River Rd) on average?,NA,10 minutes or less,1,NA,MC,SAVR
QID15,DE-4,DE-4,What is the driving time from your primary residence to the GTMNERR Visitor Center (505 Guana River Rd) on average?,NA,11 - 30 minutes,2,NA,MC,SAVR
QID15,DE-4,DE-4,What is the driving time from your primary residence to the GTMNERR Visitor Center (505 Guana River Rd) on average?,NA,31 – 60 minutes,3,NA,MC,SAVR
QID15,DE-4,DE-4,What is the driving time from your primary residence to the GTMNERR Visitor Center (505 Guana River Rd) on average?,NA,Greater than 60 minutes,4,NA,MC,SAVR
QID16,YD-1_6,YD-1,"What Guana Estuary data do you currently use, or have you used in the past? (check all that apply)",NA,"Information on fish, shellfish or other aquatic organisms",6,NA,MC,MAVR
QID16,YD-1_7,YD-1,"What Guana Estuary data do you currently use, or have you used in the past? (check all that apply)",NA,Information on terrestrial animals,7,NA,MC,MAVR
QID16,YD-1_5,YD-1,"What Guana Estuary data do you currently use, or have you used in the past? (check all that apply)",NA,Information on vegetation (salt marsh or uplands),5,NA,MC,MAVR
QID16,YD-1_4,YD-1,"What Guana Estuary data do you currently use, or have you used in the past? (check all that apply)",NA,Reserve or trail closures,4,NA,MC,MAVR
QID16,YD-1_3,YD-1,"What Guana Estuary data do you currently use, or have you used in the past? (check all that apply)",NA,"Water level information (tides, Guana lake, river)",3,NA,MC,MAVR
QID16,YD-1_2,YD-1,"What Guana Estuary data do you currently use, or have you used in the past? (check all that apply)",NA,Water quality information (including nutrients and algae),2,NA,MC,MAVR
QID16,YD-1_1,YD-1,"What Guana Estuary data do you currently use, or have you used in the past? (check all that apply)",NA,Weather information,1,NA,MC,MAVR
QID16,YD-1_8,YD-1,"What Guana Estuary data do you currently use, or have you used in the past? (check all that apply)",NA,Other (please specify),8,NA,MC,MAVR
QID16,YD-1_8_TEXT,YD-1,"What Guana Estuary data do you currently use, or have you used in the past? (check all that apply)",NA,Other (please specify),8,TEXT,MC,MAVR
QID17,1_YD-2,YD-2,How do you most frequently obtain or access Guana Estuary data on [Field-1]?,1,Request from a GTMNERR staff member by email,1,NA,MC,SAVR
QID17,1_YD-2,YD-2,How do you most frequently obtain or access Guana Estuary data on [Field-1]?,1,"Download from website (If so, what website?)",2,NA,MC,SAVR
QID17,1_YD-2,YD-2,How do you most frequently obtain or access Guana Estuary data on [Field-1]?,1,Pick-up paper copy in person,3,NA,MC,SAVR
QID17,1_YD-2,YD-2,How do you most frequently obtain or access Guana Estuary data on [Field-1]?,1,Other (please specify),4,NA,MC,SAVR
QID17,1_YD-2_2_TEXT,YD-2,How do you most frequently obtain or access Guana Estuary data on [Field-1]?,1,"Download from website (If so, what website?)",2,TEXT,MC,SAVR
QID17,1_YD-2_4_TEXT,YD-2,How do you most frequently obtain or access Guana Estuary data on [Field-1]?,1,Other (please specify),4,TEXT,MC,SAVR
QID18,1_YD-3_1,YD-3,What are the advantages of this primary method of accessing or obtaining Guana Estuary data on [Field-1]? (check all that apply),1,Easy/convenient to access,1,NA,MC,MAVR
QID18,1_YD-3_2,YD-3,What are the advantages of this primary method of accessing or obtaining Guana Estuary data on [Field-1]? (check all that apply),1,Data is received quickly after request,2,NA,MC,MAVR
QID18,1_YD-3_3,YD-3,What are the advantages of this primary method of accessing or obtaining Guana Estuary data on [Field-1]? (check all that apply),1,Requesting the data is quick,3,NA,MC,MAVR
QID18,1_YD-3_4,YD-3,What are the advantages of this primary method of accessing or obtaining Guana Estuary data on [Field-1]? (check all that apply),1,The format the data are delivered / accessed in is useful,4,NA,MC,MAVR
QID18,1_YD-3_6,YD-3,What are the advantages of this primary method of accessing or obtaining Guana Estuary data on [Field-1]? (check all that apply),1,There are no advantages,6,NA,MC,MAVR
QID18,1_YD-3_5,YD-3,What are the advantages of this primary method of accessing or obtaining Guana Estuary data on [Field-1]? (check all that apply),1,Other (please specify),5,NA,MC,MAVR
QID18,1_YD-3_5_TEXT,YD-3,What are the advantages of this primary method of accessing or obtaining Guana Estuary data on [Field-1]? (check all that apply),1,Other (please specify),5,TEXT,MC,MAVR
QID19,1_YD-4_1,YD-4,What are the disadvantages of the primary method of accessing or obtaining Guana Estuary data on [Field-1]? (check all that apply),1,Difficult/Complicated to access,1,NA,MC,MAVR
QID19,1_YD-4_2,YD-4,What are the disadvantages of the primary method of accessing or obtaining Guana Estuary data on [Field-1]? (check all that apply),1,Slow to receive,2,NA,MC,MAVR
QID19,1_YD-4_3,YD-4,What are the disadvantages of the primary method of accessing or obtaining Guana Estuary data on [Field-1]? (check all that apply),1,Time consuming to request,3,NA,MC,MAVR
QID19,1_YD-4_4,YD-4,What are the disadvantages of the primary method of accessing or obtaining Guana Estuary data on [Field-1]? (check all that apply),1,The format the data are delivered / accessed in is not user-friendly,4,NA,MC,MAVR
QID19,1_YD-4_6,YD-4,What are the disadvantages of the primary method of accessing or obtaining Guana Estuary data on [Field-1]? (check all that apply),1,There are no disadvantages,6,NA,MC,MAVR
QID19,1_YD-4_5,YD-4,What are the disadvantages of the primary method of accessing or obtaining Guana Estuary data on [Field-1]? (check all that apply),1,Other (please specify),5,NA,MC,MAVR
QID19,1_YD-4_5_TEXT,YD-4,What are the disadvantages of the primary method of accessing or obtaining Guana Estuary data on [Field-1]? (check all that apply),1,Other (please specify),5,TEXT,MC,MAVR
QID20,1_YD-5,YD-5,How often do/did you access or obtain Guana Estuary data on [Field-1]?,1,Daily,1,NA,MC,SAVR
QID20,1_YD-5,YD-5,How often do/did you access or obtain Guana Estuary data on [Field-1]?,1,At least once a week,2,NA,MC,SAVR
QID20,1_YD-5,YD-5,How often do/did you access or obtain Guana Estuary data on [Field-1]?,1,2-3 times a month,3,NA,MC,SAVR
QID20,1_YD-5,YD-5,How often do/did you access or obtain Guana Estuary data on [Field-1]?,1,Once a month,4,NA,MC,SAVR
QID20,1_YD-5,YD-5,How often do/did you access or obtain Guana Estuary data on [Field-1]?,1,Once every 6 months,5,NA,MC,SAVR
QID20,1_YD-5,YD-5,How often do/did you access or obtain Guana Estuary data on [Field-1]?,1,Once every year,6,NA,MC,SAVR
QID20,1_YD-5,YD-5,How often do/did you access or obtain Guana Estuary data on [Field-1]?,1,Less than once a year,7,NA,MC,SAVR
QID21,1_YD-6_1,YD-6,What do you typically use Guana Estuary data on [Field-1] for? (check all that apply),1,Research,1,NA,MC,MAVR
QID21,1_YD-6_2,YD-6,What do you typically use Guana Estuary data on [Field-1] for? (check all that apply),1,Educational purposes,2,NA,MC,MAVR
QID21,1_YD-6_3,YD-6,What do you typically use Guana Estuary data on [Field-1] for? (check all that apply),1,Work-related purposes (not research or education),3,NA,MC,MAVR
QID21,1_YD-6_4,YD-6,What do you typically use Guana Estuary data on [Field-1] for? (check all that apply),1,Decision making (for recreational/educational/scientific visits),4,NA,MC,MAVR
QID21,1_YD-6_5,YD-6,What do you typically use Guana Estuary data on [Field-1] for? (check all that apply),1,Monitoring,5,NA,MC,MAVR
QID21,1_YD-6_6,YD-6,What do you typically use Guana Estuary data on [Field-1] for? (check all that apply),1,Other (please specify),6,NA,MC,MAVR
QID21,1_YD-6_6_TEXT,YD-6,What do you typically use Guana Estuary data on [Field-1] for? (check all that apply),1,Other (please specify),6,TEXT,MC,MAVR
QID22,1_YD-7,YD-7,How well do Guana Estuary data on [Field-1] generally satisfy your need(s)?,1,Not well at all,1,NA,MC,SAVR
QID22,1_YD-7,YD-7,How well do Guana Estuary data on [Field-1] generally satisfy your need(s)?,1,Slightly well,2,NA,MC,SAVR
QID22,1_YD-7,YD-7,How well do Guana Estuary data on [Field-1] generally satisfy your need(s)?,1,Moderately well,3,NA,MC,SAVR
QID22,1_YD-7,YD-7,How well do Guana Estuary data on [Field-1] generally satisfy your need(s)?,1,Very well,4,NA,MC,SAVR
QID22,1_YD-7,YD-7,How well do Guana Estuary data on [Field-1] generally satisfy your need(s)?,1,Extremely well,5,NA,MC,SAVR
QID17,2_YD-2,YD-2,How do you most frequently obtain or access Guana Estuary data on [Field-1]?,2,Request from a GTMNERR staff member by email,1,NA,MC,SAVR
QID17,2_YD-2,YD-2,How do you most frequently obtain or access Guana Estuary data on [Field-1]?,2,"Download from website (If so, what website?)",2,NA,MC,SAVR
QID17,2_YD-2,YD-2,How do you most frequently obtain or access Guana Estuary data on [Field-1]?,2,Pick-up paper copy in person,3,NA,MC,SAVR
QID17,2_YD-2,YD-2,How do you most frequently obtain or access Guana Estuary data on [Field-1]?,2,Other (please specify),4,NA,MC,SAVR
QID17,2_YD-2_2_TEXT,YD-2,How do you most frequently obtain or access Guana Estuary data on [Field-1]?,2,"Download from website (If so, what website?)",2,TEXT,MC,SAVR
QID17,2_YD-2_4_TEXT,YD-2,How do you most frequently obtain or access Guana Estuary data on [Field-1]?,2,Other (please specify),4,TEXT,MC,SAVR
QID18,2_YD-3_1,YD-3,What are the advantages of this primary method of accessing or obtaining Guana Estuary data on [Field-1]? (check all that apply),2,Easy/convenient to access,1,NA,MC,MAVR
QID18,2_YD-3_2,YD-3,What are the advantages of this primary method of accessing or obtaining Guana Estuary data on [Field-1]? (check all that apply),2,Data is received quickly after request,2,NA,MC,MAVR
QID18,2_YD-3_3,YD-3,What are the advantages of this primary method of accessing or obtaining Guana Estuary data on [Field-1]? (check all that apply),2,Requesting the data is quick,3,NA,MC,MAVR
QID18,2_YD-3_4,YD-3,What are the advantages of this primary method of accessing or obtaining Guana Estuary data on [Field-1]? (check all that apply),2,The format the data are delivered / accessed in is useful,4,NA,MC,MAVR
QID18,2_YD-3_6,YD-3,What are the advantages of this primary method of accessing or obtaining Guana Estuary data on [Field-1]? (check all that apply),2,There are no advantages,6,NA,MC,MAVR
QID18,2_YD-3_5,YD-3,What are the advantages of this primary method of accessing or obtaining Guana Estuary data on [Field-1]? (check all that apply),2,Other (please specify),5,NA,MC,MAVR
QID18,2_YD-3_5_TEXT,YD-3,What are the advantages of this primary method of accessing or obtaining Guana Estuary data on [Field-1]? (check all that apply),2,Other (please specify),5,TEXT,MC,MAVR
QID19,2_YD-4_1,YD-4,What are the disadvantages of the primary method of accessing or obtaining Guana Estuary data on [Field-1]? (check all that apply),2,Difficult/Complicated to access,1,NA,MC,MAVR
QID19,2_YD-4_2,YD-4,What are the disadvantages of the primary method of accessing or obtaining Guana Estuary data on [Field-1]? (check all that apply),2,Slow to receive,2,NA,MC,MAVR
QID19,2_YD-4_3,YD-4,What are the disadvantages of the primary method of accessing or obtaining Guana Estuary data on [Field-1]? (check all that apply),2,Time consuming to request,3,NA,MC,MAVR
QID19,2_YD-4_4,YD-4,What are the disadvantages of the primary method of accessing or obtaining Guana Estuary data on [Field-1]? (check all that apply),2,The format the data are delivered / accessed in is not user-friendly,4,NA,MC,MAVR
QID19,2_YD-4_6,YD-4,What are the disadvantages of the primary method of accessing or obtaining Guana Estuary data on [Field-1]? (check all that apply),2,There are no disadvantages,6,NA,MC,MAVR
QID19,2_YD-4_5,YD-4,What are the disadvantages of the primary method of accessing or obtaining Guana Estuary data on [Field-1]? (check all that apply),2,Other (please specify),5,NA,MC,MAVR
QID19,2_YD-4_5_TEXT,YD-4,What are the disadvantages of the primary method of accessing or obtaining Guana Estuary data on [Field-1]? (check all that apply),2,Other (please specify),5,TEXT,MC,MAVR
QID20,2_YD-5,YD-5,How often do/did you access or obtain Guana Estuary data on [Field-1]?,2,Daily,1,NA,MC,SAVR
QID20,2_YD-5,YD-5,How often do/did you access or obtain Guana Estuary data on [Field-1]?,2,At least once a week,2,NA,MC,SAVR
QID20,2_YD-5,YD-5,How often do/did you access or obtain Guana Estuary data on [Field-1]?,2,2-3 times a month,3,NA,MC,SAVR
QID20,2_YD-5,YD-5,How often do/did you access or obtain Guana Estuary data on [Field-1]?,2,Once a month,4,NA,MC,SAVR
QID20,2_YD-5,YD-5,How often do/did you access or obtain Guana Estuary data on [Field-1]?,2,Once every 6 months,5,NA,MC,SAVR
QID20,2_YD-5,YD-5,How often do/did you access or obtain Guana Estuary data on [Field-1]?,2,Once every year,6,NA,MC,SAVR
QID20,2_YD-5,YD-5,How often do/did you access or obtain Guana Estuary data on [Field-1]?,2,Less than once a year,7,NA,MC,SAVR
QID21,2_YD-6_1,YD-6,What do you typically use Guana Estuary data on [Field-1] for? (check all that apply),2,Research,1,NA,MC,MAVR
QID21,2_YD-6_2,YD-6,What do you typically use Guana Estuary data on [Field-1] for? (check all that apply),2,Educational purposes,2,NA,MC,MAVR
QID21,2_YD-6_3,YD-6,What do you typically use Guana Estuary data on [Field-1] for? (check all that apply),2,Work-related purposes (not research or education),3,NA,MC,MAVR
QID21,2_YD-6_4,YD-6,What do you typically use Guana Estuary data on [Field-1] for? (check all that apply),2,Decision making (for recreational/educational/scientific visits),4,NA,MC,MAVR
QID21,2_YD-6_5,YD-6,What do you typically use Guana Estuary data on [Field-1] for? (check all that apply),2,Monitoring,5,NA,MC,MAVR
QID21,2_YD-6_6,YD-6,What do you typically use Guana Estuary data on [Field-1] for? (check all that apply),2,Other (please specify),6,NA,MC,MAVR
QID21,2_YD-6_6_TEXT,YD-6,What do you typically use Guana Estuary data on [Field-1] for? (check all that apply),2,Other (please specify),6,TEXT,MC,MAVR
QID22,2_YD-7,YD-7,How well do Guana Estuary data on [Field-1] generally satisfy your need(s)?,2,Not well at all,1,NA,MC,SAVR
QID22,2_YD-7,YD-7,How well do Guana Estuary data on [Field-1] generally satisfy your need(s)?,2,Slightly well,2,NA,MC,SAVR
QID22,2_YD-7,YD-7,How well do Guana Estuary data on [Field-1] generally satisfy your need(s)?,2,Moderately well,3,NA,MC,SAVR
QID22,2_YD-7,YD-7,How well do Guana Estuary data on [Field-1] generally satisfy your need(s)?,2,Very well,4,NA,MC,SAVR
QID22,2_YD-7,YD-7,How well do Guana Estuary data on [Field-1] generally satisfy your need(s)?,2,Extremely well,5,NA,MC,SAVR
QID17,3_YD-2,YD-2,How do you most frequently obtain or access Guana Estuary data on [Field-1]?,3,Request from a GTMNERR staff member by email,1,NA,MC,SAVR
QID17,3_YD-2,YD-2,How do you most frequently obtain or access Guana Estuary data on [Field-1]?,3,"Download from website (If so, what website?)",2,NA,MC,SAVR
QID17,3_YD-2,YD-2,How do you most frequently obtain or access Guana Estuary data on [Field-1]?,3,Pick-up paper copy in person,3,NA,MC,SAVR
QID17,3_YD-2,YD-2,How do you most frequently obtain or access Guana Estuary data on [Field-1]?,3,Other (please specify),4,NA,MC,SAVR
QID17,3_YD-2_2_TEXT,YD-2,How do you most frequently obtain or access Guana Estuary data on [Field-1]?,3,"Download from website (If so, what website?)",2,TEXT,MC,SAVR
QID17,3_YD-2_4_TEXT,YD-2,How do you most frequently obtain or access Guana Estuary data on [Field-1]?,3,Other (please specify),4,TEXT,MC,SAVR
QID18,3_YD-3_1,YD-3,What are the advantages of this primary method of accessing or obtaining Guana Estuary data on [Field-1]? (check all that apply),3,Easy/convenient to access,1,NA,MC,MAVR
QID18,3_YD-3_2,YD-3,What are the advantages of this primary method of accessing or obtaining Guana Estuary data on [Field-1]? (check all that apply),3,Data is received quickly after request,2,NA,MC,MAVR
QID18,3_YD-3_3,YD-3,What are the advantages of this primary method of accessing or obtaining Guana Estuary data on [Field-1]? (check all that apply),3,Requesting the data is quick,3,NA,MC,MAVR
QID18,3_YD-3_4,YD-3,What are the advantages of this primary method of accessing or obtaining Guana Estuary data on [Field-1]? (check all that apply),3,The format the data are delivered / accessed in is useful,4,NA,MC,MAVR
QID18,3_YD-3_6,YD-3,What are the advantages of this primary method of accessing or obtaining Guana Estuary data on [Field-1]? (check all that apply),3,There are no advantages,6,NA,MC,MAVR
QID18,3_YD-3_5,YD-3,What are the advantages of this primary method of accessing or obtaining Guana Estuary data on [Field-1]? (check all that apply),3,Other (please specify),5,NA,MC,MAVR
QID18,3_YD-3_5_TEXT,YD-3,What are the advantages of this primary method of accessing or obtaining Guana Estuary data on [Field-1]? (check all that apply),3,Other (please specify),5,TEXT,MC,MAVR
QID19,3_YD-4_1,YD-4,What are the disadvantages of the primary method of accessing or obtaining Guana Estuary data on [Field-1]? (check all that apply),3,Difficult/Complicated to access,1,NA,MC,MAVR
QID19,3_YD-4_2,YD-4,What are the disadvantages of the primary method of accessing or obtaining Guana Estuary data on [Field-1]? (check all that apply),3,Slow to receive,2,NA,MC,MAVR
QID19,3_YD-4_3,YD-4,What are the disadvantages of the primary method of accessing or obtaining Guana Estuary data on [Field-1]? (check all that apply),3,Time consuming to request,3,NA,MC,MAVR
QID19,3_YD-4_4,YD-4,What are the disadvantages of the primary method of accessing or obtaining Guana Estuary data on [Field-1]? (check all that apply),3,The format the data are delivered / accessed in is not user-friendly,4,NA,MC,MAVR
QID19,3_YD-4_6,YD-4,What are the disadvantages of the primary method of accessing or obtaining Guana Estuary data on [Field-1]? (check all that apply),3,There are no disadvantages,6,NA,MC,MAVR
QID19,3_YD-4_5,YD-4,What are the disadvantages of the primary method of accessing or obtaining Guana Estuary data on [Field-1]? (check all that apply),3,Other (please specify),5,NA,MC,MAVR
QID19,3_YD-4_5_TEXT,YD-4,What are the disadvantages of the primary method of accessing or obtaining Guana Estuary data on [Field-1]? (check all that apply),3,Other (please specify),5,TEXT,MC,MAVR
QID20,3_YD-5,YD-5,How often do/did you access or obtain Guana Estuary data on [Field-1]?,3,Daily,1,NA,MC,SAVR
QID20,3_YD-5,YD-5,How often do/did you access or obtain Guana Estuary data on [Field-1]?,3,At least once a week,2,NA,MC,SAVR
QID20,3_YD-5,YD-5,How often do/did you access or obtain Guana Estuary data on [Field-1]?,3,2-3 times a month,3,NA,MC,SAVR
QID20,3_YD-5,YD-5,How often do/did you access or obtain Guana Estuary data on [Field-1]?,3,Once a month,4,NA,MC,SAVR
QID20,3_YD-5,YD-5,How often do/did you access or obtain Guana Estuary data on [Field-1]?,3,Once every 6 months,5,NA,MC,SAVR
QID20,3_YD-5,YD-5,How often do/did you access or obtain Guana Estuary data on [Field-1]?,3,Once every year,6,NA,MC,SAVR
QID20,3_YD-5,YD-5,How often do/did you access or obtain Guana Estuary data on [Field-1]?,3,Less than once a year,7,NA,MC,SAVR
QID21,3_YD-6_1,YD-6,What do you typically use Guana Estuary data on [Field-1] for? (check all that apply),3,Research,1,NA,MC,MAVR
QID21,3_YD-6_2,YD-6,What do you typically use Guana Estuary data on [Field-1] for? (check all that apply),3,Educational purposes,2,NA,MC,MAVR
QID21,3_YD-6_3,YD-6,What do you typically use Guana Estuary data on [Field-1] for? (check all that apply),3,Work-related purposes (not research or education),3,NA,MC,MAVR
QID21,3_YD-6_4,YD-6,What do you typically use Guana Estuary data on [Field-1] for? (check all that apply),3,Decision making (for recreational/educational/scientific visits),4,NA,MC,MAVR
QID21,3_YD-6_5,YD-6,What do you typically use Guana Estuary data on [Field-1] for? (check all that apply),3,Monitoring,5,NA,MC,MAVR
QID21,3_YD-6_6,YD-6,What do you typically use Guana Estuary data on [Field-1] for? (check all that apply),3,Other (please specify),6,NA,MC,MAVR
QID21,3_YD-6_6_TEXT,YD-6,What do you typically use Guana Estuary data on [Field-1] for? (check all that apply),3,Other (please specify),6,TEXT,MC,MAVR
QID22,3_YD-7,YD-7,How well do Guana Estuary data on [Field-1] generally satisfy your need(s)?,3,Not well at all,1,NA,MC,SAVR
QID22,3_YD-7,YD-7,How well do Guana Estuary data on [Field-1] generally satisfy your need(s)?,3,Slightly well,2,NA,MC,SAVR
QID22,3_YD-7,YD-7,How well do Guana Estuary data on [Field-1] generally satisfy your need(s)?,3,Moderately well,3,NA,MC,SAVR
QID22,3_YD-7,YD-7,How well do Guana Estuary data on [Field-1] generally satisfy your need(s)?,3,Very well,4,NA,MC,SAVR
QID22,3_YD-7,YD-7,How well do Guana Estuary data on [Field-1] generally satisfy your need(s)?,3,Extremely well,5,NA,MC,SAVR
QID17,4_YD-2,YD-2,How do you most frequently obtain or access Guana Estuary data on [Field-1]?,4,Request from a GTMNERR staff member by email,1,NA,MC,SAVR
QID17,4_YD-2,YD-2,How do you most frequently obtain or access Guana Estuary data on [Field-1]?,4,"Download from website (If so, what website?)",2,NA,MC,SAVR
QID17,4_YD-2,YD-2,How do you most frequently obtain or access Guana Estuary data on [Field-1]?,4,Pick-up paper copy in person,3,NA,MC,SAVR
QID17,4_YD-2,YD-2,How do you most frequently obtain or access Guana Estuary data on [Field-1]?,4,Other (please specify),4,NA,MC,SAVR
QID17,4_YD-2_2_TEXT,YD-2,How do you most frequently obtain or access Guana Estuary data on [Field-1]?,4,"Download from website (If so, what website?)",2,TEXT,MC,SAVR
QID17,4_YD-2_4_TEXT,YD-2,How do you most frequently obtain or access Guana Estuary data on [Field-1]?,4,Other (please specify),4,TEXT,MC,SAVR
QID18,4_YD-3_1,YD-3,What are the advantages of this primary method of accessing or obtaining Guana Estuary data on [Field-1]? (check all that apply),4,Easy/convenient to access,1,NA,MC,MAVR
QID18,4_YD-3_2,YD-3,What are the advantages of this primary method of accessing or obtaining Guana Estuary data on [Field-1]? (check all that apply),4,Data is received quickly after request,2,NA,MC,MAVR
QID18,4_YD-3_3,YD-3,What are the advantages of this primary method of accessing or obtaining Guana Estuary data on [Field-1]? (check all that apply),4,Requesting the data is quick,3,NA,MC,MAVR
QID18,4_YD-3_4,YD-3,What are the advantages of this primary method of accessing or obtaining Guana Estuary data on [Field-1]? (check all that apply),4,The format the data are delivered / accessed in is useful,4,NA,MC,MAVR
QID18,4_YD-3_6,YD-3,What are the advantages of this primary method of accessing or obtaining Guana Estuary data on [Field-1]? (check all that apply),4,There are no advantages,6,NA,MC,MAVR
QID18,4_YD-3_5,YD-3,What are the advantages of this primary method of accessing or obtaining Guana Estuary data on [Field-1]? (check all that apply),4,Other (please specify),5,NA,MC,MAVR
QID18,4_YD-3_5_TEXT,YD-3,What are the advantages of this primary method of accessing or obtaining Guana Estuary data on [Field-1]? (check all that apply),4,Other (please specify),5,TEXT,MC,MAVR
QID19,4_YD-4_1,YD-4,What are the disadvantages of the primary method of accessing or obtaining Guana Estuary data on [Field-1]? (check all that apply),4,Difficult/Complicated to access,1,NA,MC,MAVR
QID19,4_YD-4_2,YD-4,What are the disadvantages of the primary method of accessing or obtaining Guana Estuary data on [Field-1]? (check all that apply),4,Slow to receive,2,NA,MC,MAVR
QID19,4_YD-4_3,YD-4,What are the disadvantages of the primary method of accessing or obtaining Guana Estuary data on [Field-1]? (check all that apply),4,Time consuming to request,3,NA,MC,MAVR
QID19,4_YD-4_4,YD-4,What are the disadvantages of the primary method of accessing or obtaining Guana Estuary data on [Field-1]? (check all that apply),4,The format the data are delivered / accessed in is not user-friendly,4,NA,MC,MAVR
QID19,4_YD-4_6,YD-4,What are the disadvantages of the primary method of accessing or obtaining Guana Estuary data on [Field-1]? (check all that apply),4,There are no disadvantages,6,NA,MC,MAVR
QID19,4_YD-4_5,YD-4,What are the disadvantages of the primary method of accessing or obtaining Guana Estuary data on [Field-1]? (check all that apply),4,Other (please specify),5,NA,MC,MAVR
QID19,4_YD-4_5_TEXT,YD-4,What are the disadvantages of the primary method of accessing or obtaining Guana Estuary data on [Field-1]? (check all that apply),4,Other (please specify),5,TEXT,MC,MAVR
QID20,4_YD-5,YD-5,How often do/did you access or obtain Guana Estuary data on [Field-1]?,4,Daily,1,NA,MC,SAVR
QID20,4_YD-5,YD-5,How often do/did you access or obtain Guana Estuary data on [Field-1]?,4,At least once a week,2,NA,MC,SAVR
QID20,4_YD-5,YD-5,How often do/did you access or obtain Guana Estuary data on [Field-1]?,4,2-3 times a month,3,NA,MC,SAVR
QID20,4_YD-5,YD-5,How often do/did you access or obtain Guana Estuary data on [Field-1]?,4,Once a month,4,NA,MC,SAVR
QID20,4_YD-5,YD-5,How often do/did you access or obtain Guana Estuary data on [Field-1]?,4,Once every 6 months,5,NA,MC,SAVR
QID20,4_YD-5,YD-5,How often do/did you access or obtain Guana Estuary data on [Field-1]?,4,Once every year,6,NA,MC,SAVR
QID20,4_YD-5,YD-5,How often do/did you access or obtain Guana Estuary data on [Field-1]?,4,Less than once a year,7,NA,MC,SAVR
QID21,4_YD-6_1,YD-6,What do you typically use Guana Estuary data on [Field-1] for? (check all that apply),4,Research,1,NA,MC,MAVR
QID21,4_YD-6_2,YD-6,What do you typically use Guana Estuary data on [Field-1] for? (check all that apply),4,Educational purposes,2,NA,MC,MAVR
QID21,4_YD-6_3,YD-6,What do you typically use Guana Estuary data on [Field-1] for? (check all that apply),4,Work-related purposes (not research or education),3,NA,MC,MAVR
QID21,4_YD-6_4,YD-6,What do you typically use Guana Estuary data on [Field-1] for? (check all that apply),4,Decision making (for recreational/educational/scientific visits),4,NA,MC,MAVR
QID21,4_YD-6_5,YD-6,What do you typically use Guana Estuary data on [Field-1] for? (check all that apply),4,Monitoring,5,NA,MC,MAVR
QID21,4_YD-6_6,YD-6,What do you typically use Guana Estuary data on [Field-1] for? (check all that apply),4,Other (please specify),6,NA,MC,MAVR
QID21,4_YD-6_6_TEXT,YD-6,What do you typically use Guana Estuary data on [Field-1] for? (check all that apply),4,Other (please specify),6,TEXT,MC,MAVR
QID22,4_YD-7,YD-7,How well do Guana Estuary data on [Field-1] generally satisfy your need(s)?,4,Not well at all,1,NA,MC,SAVR
QID22,4_YD-7,YD-7,How well do Guana Estuary data on [Field-1] generally satisfy your need(s)?,4,Slightly well,2,NA,MC,SAVR
QID22,4_YD-7,YD-7,How well do Guana Estuary data on [Field-1] generally satisfy your need(s)?,4,Moderately well,3,NA,MC,SAVR
QID22,4_YD-7,YD-7,How well do Guana Estuary data on [Field-1] generally satisfy your need(s)?,4,Very well,4,NA,MC,SAVR
QID22,4_YD-7,YD-7,How well do Guana Estuary data on [Field-1] generally satisfy your need(s)?,4,Extremely well,5,NA,MC,SAVR
QID17,5_YD-2,YD-2,How do you most frequently obtain or access Guana Estuary data on [Field-1]?,5,Request from a GTMNERR staff member by email,1,NA,MC,SAVR
QID17,5_YD-2,YD-2,How do you most frequently obtain or access Guana Estuary data on [Field-1]?,5,"Download from website (If so, what website?)",2,NA,MC,SAVR
QID17,5_YD-2,YD-2,How do you most frequently obtain or access Guana Estuary data on [Field-1]?,5,Pick-up paper copy in person,3,NA,MC,SAVR
QID17,5_YD-2,YD-2,How do you most frequently obtain or access Guana Estuary data on [Field-1]?,5,Other (please specify),4,NA,MC,SAVR
QID17,5_YD-2_2_TEXT,YD-2,How do you most frequently obtain or access Guana Estuary data on [Field-1]?,5,"Download from website (If so, what website?)",2,TEXT,MC,SAVR
QID17,5_YD-2_4_TEXT,YD-2,How do you most frequently obtain or access Guana Estuary data on [Field-1]?,5,Other (please specify),4,TEXT,MC,SAVR
QID18,5_YD-3_1,YD-3,What are the advantages of this primary method of accessing or obtaining Guana Estuary data on [Field-1]? (check all that apply),5,Easy/convenient to access,1,NA,MC,MAVR
QID18,5_YD-3_2,YD-3,What are the advantages of this primary method of accessing or obtaining Guana Estuary data on [Field-1]? (check all that apply),5,Data is received quickly after request,2,NA,MC,MAVR
QID18,5_YD-3_3,YD-3,What are the advantages of this primary method of accessing or obtaining Guana Estuary data on [Field-1]? (check all that apply),5,Requesting the data is quick,3,NA,MC,MAVR
QID18,5_YD-3_4,YD-3,What are the advantages of this primary method of accessing or obtaining Guana Estuary data on [Field-1]? (check all that apply),5,The format the data are delivered / accessed in is useful,4,NA,MC,MAVR
QID18,5_YD-3_6,YD-3,What are the advantages of this primary method of accessing or obtaining Guana Estuary data on [Field-1]? (check all that apply),5,There are no advantages,6,NA,MC,MAVR
QID18,5_YD-3_5,YD-3,What are the advantages of this primary method of accessing or obtaining Guana Estuary data on [Field-1]? (check all that apply),5,Other (please specify),5,NA,MC,MAVR
QID18,5_YD-3_5_TEXT,YD-3,What are the advantages of this primary method of accessing or obtaining Guana Estuary data on [Field-1]? (check all that apply),5,Other (please specify),5,TEXT,MC,MAVR
QID19,5_YD-4_1,YD-4,What are the disadvantages of the primary method of accessing or obtaining Guana Estuary data on [Field-1]? (check all that apply),5,Difficult/Complicated to access,1,NA,MC,MAVR
QID19,5_YD-4_2,YD-4,What are the disadvantages of the primary method of accessing or obtaining Guana Estuary data on [Field-1]? (check all that apply),5,Slow to receive,2,NA,MC,MAVR
QID19,5_YD-4_3,YD-4,What are the disadvantages of the primary method of accessing or obtaining Guana Estuary data on [Field-1]? (check all that apply),5,Time consuming to request,3,NA,MC,MAVR
QID19,5_YD-4_4,YD-4,What are the disadvantages of the primary method of accessing or obtaining Guana Estuary data on [Field-1]? (check all that apply),5,The format the data are delivered / accessed in is not user-friendly,4,NA,MC,MAVR
QID19,5_YD-4_6,YD-4,What are the disadvantages of the primary method of accessing or obtaining Guana Estuary data on [Field-1]? (check all that apply),5,There are no disadvantages,6,NA,MC,MAVR
QID19,5_YD-4_5,YD-4,What are the disadvantages of the primary method of accessing or obtaining Guana Estuary data on [Field-1]? (check all that apply),5,Other (please specify),5,NA,MC,MAVR
QID19,5_YD-4_5_TEXT,YD-4,What are the disadvantages of the primary method of accessing or obtaining Guana Estuary data on [Field-1]? (check all that apply),5,Other (please specify),5,TEXT,MC,MAVR
QID20,5_YD-5,YD-5,How often do/did you access or obtain Guana Estuary data on [Field-1]?,5,Daily,1,NA,MC,SAVR
QID20,5_YD-5,YD-5,How often do/did you access or obtain Guana Estuary data on [Field-1]?,5,At least once a week,2,NA,MC,SAVR
QID20,5_YD-5,YD-5,How often do/did you access or obtain Guana Estuary data on [Field-1]?,5,2-3 times a month,3,NA,MC,SAVR
QID20,5_YD-5,YD-5,How often do/did you access or obtain Guana Estuary data on [Field-1]?,5,Once a month,4,NA,MC,SAVR
QID20,5_YD-5,YD-5,How often do/did you access or obtain Guana Estuary data on [Field-1]?,5,Once every 6 months,5,NA,MC,SAVR
QID20,5_YD-5,YD-5,How often do/did you access or obtain Guana Estuary data on [Field-1]?,5,Once every year,6,NA,MC,SAVR
QID20,5_YD-5,YD-5,How often do/did you access or obtain Guana Estuary data on [Field-1]?,5,Less than once a year,7,NA,MC,SAVR
QID21,5_YD-6_1,YD-6,What do you typically use Guana Estuary data on [Field-1] for? (check all that apply),5,Research,1,NA,MC,MAVR
QID21,5_YD-6_2,YD-6,What do you typically use Guana Estuary data on [Field-1] for? (check all that apply),5,Educational purposes,2,NA,MC,MAVR
QID21,5_YD-6_3,YD-6,What do you typically use Guana Estuary data on [Field-1] for? (check all that apply),5,Work-related purposes (not research or education),3,NA,MC,MAVR
QID21,5_YD-6_4,YD-6,What do you typically use Guana Estuary data on [Field-1] for? (check all that apply),5,Decision making (for recreational/educational/scientific visits),4,NA,MC,MAVR
QID21,5_YD-6_5,YD-6,What do you typically use Guana Estuary data on [Field-1] for? (check all that apply),5,Monitoring,5,NA,MC,MAVR
QID21,5_YD-6_6,YD-6,What do you typically use Guana Estuary data on [Field-1] for? (check all that apply),5,Other (please specify),6,NA,MC,MAVR
QID21,5_YD-6_6_TEXT,YD-6,What do you typically use Guana Estuary data on [Field-1] for? (check all that apply),5,Other (please specify),6,TEXT,MC,MAVR
QID22,5_YD-7,YD-7,How well do Guana Estuary data on [Field-1] generally satisfy your need(s)?,5,Not well at all,1,NA,MC,SAVR
QID22,5_YD-7,YD-7,How well do Guana Estuary data on [Field-1] generally satisfy your need(s)?,5,Slightly well,2,NA,MC,SAVR
QID22,5_YD-7,YD-7,How well do Guana Estuary data on [Field-1] generally satisfy your need(s)?,5,Moderately well,3,NA,MC,SAVR
QID22,5_YD-7,YD-7,How well do Guana Estuary data on [Field-1] generally satisfy your need(s)?,5,Very well,4,NA,MC,SAVR
QID22,5_YD-7,YD-7,How well do Guana Estuary data on [Field-1] generally satisfy your need(s)?,5,Extremely well,5,NA,MC,SAVR
QID17,6_YD-2,YD-2,How do you most frequently obtain or access Guana Estuary data on [Field-1]?,6,Request from a GTMNERR staff member by email,1,NA,MC,SAVR
QID17,6_YD-2,YD-2,How do you most frequently obtain or access Guana Estuary data on [Field-1]?,6,"Download from website (If so, what website?)",2,NA,MC,SAVR
QID17,6_YD-2,YD-2,How do you most frequently obtain or access Guana Estuary data on [Field-1]?,6,Pick-up paper copy in person,3,NA,MC,SAVR
QID17,6_YD-2,YD-2,How do you most frequently obtain or access Guana Estuary data on [Field-1]?,6,Other (please specify),4,NA,MC,SAVR
QID17,6_YD-2_2_TEXT,YD-2,How do you most frequently obtain or access Guana Estuary data on [Field-1]?,6,"Download from website (If so, what website?)",2,TEXT,MC,SAVR
QID17,6_YD-2_4_TEXT,YD-2,How do you most frequently obtain or access Guana Estuary data on [Field-1]?,6,Other (please specify),4,TEXT,MC,SAVR
QID18,6_YD-3_1,YD-3,What are the advantages of this primary method of accessing or obtaining Guana Estuary data on [Field-1]? (check all that apply),6,Easy/convenient to access,1,NA,MC,MAVR
QID18,6_YD-3_2,YD-3,What are the advantages of this primary method of accessing or obtaining Guana Estuary data on [Field-1]? (check all that apply),6,Data is received quickly after request,2,NA,MC,MAVR
QID18,6_YD-3_3,YD-3,What are the advantages of this primary method of accessing or obtaining Guana Estuary data on [Field-1]? (check all that apply),6,Requesting the data is quick,3,NA,MC,MAVR
QID18,6_YD-3_4,YD-3,What are the advantages of this primary method of accessing or obtaining Guana Estuary data on [Field-1]? (check all that apply),6,The format the data are delivered / accessed in is useful,4,NA,MC,MAVR
QID18,6_YD-3_6,YD-3,What are the advantages of this primary method of accessing or obtaining Guana Estuary data on [Field-1]? (check all that apply),6,There are no advantages,6,NA,MC,MAVR
QID18,6_YD-3_5,YD-3,What are the advantages of this primary method of accessing or obtaining Guana Estuary data on [Field-1]? (check all that apply),6,Other (please specify),5,NA,MC,MAVR
QID18,6_YD-3_5_TEXT,YD-3,What are the advantages of this primary method of accessing or obtaining Guana Estuary data on [Field-1]? (check all that apply),6,Other (please specify),5,TEXT,MC,MAVR
QID19,6_YD-4_1,YD-4,What are the disadvantages of the primary method of accessing or obtaining Guana Estuary data on [Field-1]? (check all that apply),6,Difficult/Complicated to access,1,NA,MC,MAVR
QID19,6_YD-4_2,YD-4,What are the disadvantages of the primary method of accessing or obtaining Guana Estuary data on [Field-1]? (check all that apply),6,Slow to receive,2,NA,MC,MAVR
QID19,6_YD-4_3,YD-4,What are the disadvantages of the primary method of accessing or obtaining Guana Estuary data on [Field-1]? (check all that apply),6,Time consuming to request,3,NA,MC,MAVR
QID19,6_YD-4_4,YD-4,What are the disadvantages of the primary method of accessing or obtaining Guana Estuary data on [Field-1]? (check all that apply),6,The format the data are delivered / accessed in is not user-friendly,4,NA,MC,MAVR
QID19,6_YD-4_6,YD-4,What are the disadvantages of the primary method of accessing or obtaining Guana Estuary data on [Field-1]? (check all that apply),6,There are no disadvantages,6,NA,MC,MAVR
QID19,6_YD-4_5,YD-4,What are the disadvantages of the primary method of accessing or obtaining Guana Estuary data on [Field-1]? (check all that apply),6,Other (please specify),5,NA,MC,MAVR
QID19,6_YD-4_5_TEXT,YD-4,What are the disadvantages of the primary method of accessing or obtaining Guana Estuary data on [Field-1]? (check all that apply),6,Other (please specify),5,TEXT,MC,MAVR
QID20,6_YD-5,YD-5,How often do/did you access or obtain Guana Estuary data on [Field-1]?,6,Daily,1,NA,MC,SAVR
QID20,6_YD-5,YD-5,How often do/did you access or obtain Guana Estuary data on [Field-1]?,6,At least once a week,2,NA,MC,SAVR
QID20,6_YD-5,YD-5,How often do/did you access or obtain Guana Estuary data on [Field-1]?,6,2-3 times a month,3,NA,MC,SAVR
QID20,6_YD-5,YD-5,How often do/did you access or obtain Guana Estuary data on [Field-1]?,6,Once a month,4,NA,MC,SAVR
QID20,6_YD-5,YD-5,How often do/did you access or obtain Guana Estuary data on [Field-1]?,6,Once every 6 months,5,NA,MC,SAVR
QID20,6_YD-5,YD-5,How often do/did you access or obtain Guana Estuary data on [Field-1]?,6,Once every year,6,NA,MC,SAVR
QID20,6_YD-5,YD-5,How often do/did you access or obtain Guana Estuary data on [Field-1]?,6,Less than once a year,7,NA,MC,SAVR
QID21,6_YD-6_1,YD-6,What do you typically use Guana Estuary data on [Field-1] for? (check all that apply),6,Research,1,NA,MC,MAVR
QID21,6_YD-6_2,YD-6,What do you typically use Guana Estuary data on [Field-1] for? (check all that apply),6,Educational purposes,2,NA,MC,MAVR
QID21,6_YD-6_3,YD-6,What do you typically use Guana Estuary data on [Field-1] for? (check all that apply),6,Work-related purposes (not research or education),3,NA,MC,MAVR
QID21,6_YD-6_4,YD-6,What do you typically use Guana Estuary data on [Field-1] for? (check all that apply),6,Decision making (for recreational/educational/scientific visits),4,NA,MC,MAVR
QID21,6_YD-6_5,YD-6,What do you typically use Guana Estuary data on [Field-1] for? (check all that apply),6,Monitoring,5,NA,MC,MAVR
QID21,6_YD-6_6,YD-6,What do you typically use Guana Estuary data on [Field-1] for? (check all that apply),6,Other (please specify),6,NA,MC,MAVR
QID21,6_YD-6_6_TEXT,YD-6,What do you typically use Guana Estuary data on [Field-1] for? (check all that apply),6,Other (please specify),6,TEXT,MC,MAVR
QID22,6_YD-7,YD-7,How well do Guana Estuary data on [Field-1] generally satisfy your need(s)?,6,Not well at all,1,NA,MC,SAVR
QID22,6_YD-7,YD-7,How well do Guana Estuary data on [Field-1] generally satisfy your need(s)?,6,Slightly well,2,NA,MC,SAVR
QID22,6_YD-7,YD-7,How well do Guana Estuary data on [Field-1] generally satisfy your need(s)?,6,Moderately well,3,NA,MC,SAVR
QID22,6_YD-7,YD-7,How well do Guana Estuary data on [Field-1] generally satisfy your need(s)?,6,Very well,4,NA,MC,SAVR
QID22,6_YD-7,YD-7,How well do Guana Estuary data on [Field-1] generally satisfy your need(s)?,6,Extremely well,5,NA,MC,SAVR
QID17,7_YD-2,YD-2,How do you most frequently obtain or access Guana Estuary data on [Field-1]?,7,Request from a GTMNERR staff member by email,1,NA,MC,SAVR
QID17,7_YD-2,YD-2,How do you most frequently obtain or access Guana Estuary data on [Field-1]?,7,"Download from website (If so, what website?)",2,NA,MC,SAVR
QID17,7_YD-2,YD-2,How do you most frequently obtain or access Guana Estuary data on [Field-1]?,7,Pick-up paper copy in person,3,NA,MC,SAVR
QID17,7_YD-2,YD-2,How do you most frequently obtain or access Guana Estuary data on [Field-1]?,7,Other (please specify),4,NA,MC,SAVR
QID17,7_YD-2_2_TEXT,YD-2,How do you most frequently obtain or access Guana Estuary data on [Field-1]?,7,"Download from website (If so, what website?)",2,TEXT,MC,SAVR
QID17,7_YD-2_4_TEXT,YD-2,How do you most frequently obtain or access Guana Estuary data on [Field-1]?,7,Other (please specify),4,TEXT,MC,SAVR
QID18,7_YD-3_1,YD-3,What are the advantages of this primary method of accessing or obtaining Guana Estuary data on [Field-1]? (check all that apply),7,Easy/convenient to access,1,NA,MC,MAVR
QID18,7_YD-3_2,YD-3,What are the advantages of this primary method of accessing or obtaining Guana Estuary data on [Field-1]? (check all that apply),7,Data is received quickly after request,2,NA,MC,MAVR
QID18,7_YD-3_3,YD-3,What are the advantages of this primary method of accessing or obtaining Guana Estuary data on [Field-1]? (check all that apply),7,Requesting the data is quick,3,NA,MC,MAVR
QID18,7_YD-3_4,YD-3,What are the advantages of this primary method of accessing or obtaining Guana Estuary data on [Field-1]? (check all that apply),7,The format the data are delivered / accessed in is useful,4,NA,MC,MAVR
QID18,7_YD-3_6,YD-3,What are the advantages of this primary method of accessing or obtaining Guana Estuary data on [Field-1]? (check all that apply),7,There are no advantages,6,NA,MC,MAVR
QID18,7_YD-3_5,YD-3,What are the advantages of this primary method of accessing or obtaining Guana Estuary data on [Field-1]? (check all that apply),7,Other (please specify),5,NA,MC,MAVR
QID18,7_YD-3_5_TEXT,YD-3,What are the advantages of this primary method of accessing or obtaining Guana Estuary data on [Field-1]? (check all that apply),7,Other (please specify),5,TEXT,MC,MAVR
QID19,7_YD-4_1,YD-4,What are the disadvantages of the primary method of accessing or obtaining Guana Estuary data on [Field-1]? (check all that apply),7,Difficult/Complicated to access,1,NA,MC,MAVR
QID19,7_YD-4_2,YD-4,What are the disadvantages of the primary method of accessing or obtaining Guana Estuary data on [Field-1]? (check all that apply),7,Slow to receive,2,NA,MC,MAVR
QID19,7_YD-4_3,YD-4,What are the disadvantages of the primary method of accessing or obtaining Guana Estuary data on [Field-1]? (check all that apply),7,Time consuming to request,3,NA,MC,MAVR
QID19,7_YD-4_4,YD-4,What are the disadvantages of the primary method of accessing or obtaining Guana Estuary data on [Field-1]? (check all that apply),7,The format the data are delivered / accessed in is not user-friendly,4,NA,MC,MAVR
QID19,7_YD-4_6,YD-4,What are the disadvantages of the primary method of accessing or obtaining Guana Estuary data on [Field-1]? (check all that apply),7,There are no disadvantages,6,NA,MC,MAVR
QID19,7_YD-4_5,YD-4,What are the disadvantages of the primary method of accessing or obtaining Guana Estuary data on [Field-1]? (check all that apply),7,Other (please specify),5,NA,MC,MAVR
QID19,7_YD-4_5_TEXT,YD-4,What are the disadvantages of the primary method of accessing or obtaining Guana Estuary data on [Field-1]? (check all that apply),7,Other (please specify),5,TEXT,MC,MAVR
QID20,7_YD-5,YD-5,How often do/did you access or obtain Guana Estuary data on [Field-1]?,7,Daily,1,NA,MC,SAVR
QID20,7_YD-5,YD-5,How often do/did you access or obtain Guana Estuary data on [Field-1]?,7,At least once a week,2,NA,MC,SAVR
QID20,7_YD-5,YD-5,How often do/did you access or obtain Guana Estuary data on [Field-1]?,7,2-3 times a month,3,NA,MC,SAVR
QID20,7_YD-5,YD-5,How often do/did you access or obtain Guana Estuary data on [Field-1]?,7,Once a month,4,NA,MC,SAVR
QID20,7_YD-5,YD-5,How often do/did you access or obtain Guana Estuary data on [Field-1]?,7,Once every 6 months,5,NA,MC,SAVR
QID20,7_YD-5,YD-5,How often do/did you access or obtain Guana Estuary data on [Field-1]?,7,Once every year,6,NA,MC,SAVR
QID20,7_YD-5,YD-5,How often do/did you access or obtain Guana Estuary data on [Field-1]?,7,Less than once a year,7,NA,MC,SAVR
QID21,7_YD-6_1,YD-6,What do you typically use Guana Estuary data on [Field-1] for? (check all that apply),7,Research,1,NA,MC,MAVR
QID21,7_YD-6_2,YD-6,What do you typically use Guana Estuary data on [Field-1] for? (check all that apply),7,Educational purposes,2,NA,MC,MAVR
QID21,7_YD-6_3,YD-6,What do you typically use Guana Estuary data on [Field-1] for? (check all that apply),7,Work-related purposes (not research or education),3,NA,MC,MAVR
QID21,7_YD-6_4,YD-6,What do you typically use Guana Estuary data on [Field-1] for? (check all that apply),7,Decision making (for recreational/educational/scientific visits),4,NA,MC,MAVR
QID21,7_YD-6_5,YD-6,What do you typically use Guana Estuary data on [Field-1] for? (check all that apply),7,Monitoring,5,NA,MC,MAVR
QID21,7_YD-6_6,YD-6,What do you typically use Guana Estuary data on [Field-1] for? (check all that apply),7,Other (please specify),6,NA,MC,MAVR
QID21,7_YD-6_6_TEXT,YD-6,What do you typically use Guana Estuary data on [Field-1] for? (check all that apply),7,Other (please specify),6,TEXT,MC,MAVR
QID22,7_YD-7,YD-7,How well do Guana Estuary data on [Field-1] generally satisfy your need(s)?,7,Not well at all,1,NA,MC,SAVR
QID22,7_YD-7,YD-7,How well do Guana Estuary data on [Field-1] generally satisfy your need(s)?,7,Slightly well,2,NA,MC,SAVR
QID22,7_YD-7,YD-7,How well do Guana Estuary data on [Field-1] generally satisfy your need(s)?,7,Moderately well,3,NA,MC,SAVR
QID22,7_YD-7,YD-7,How well do Guana Estuary data on [Field-1] generally satisfy your need(s)?,7,Very well,4,NA,MC,SAVR
QID22,7_YD-7,YD-7,How well do Guana Estuary data on [Field-1] generally satisfy your need(s)?,7,Extremely well,5,NA,MC,SAVR
QID17,8_YD-2,YD-2,How do you most frequently obtain or access Guana Estuary data on [Field-1]?,8,Request from a GTMNERR staff member by email,1,NA,MC,SAVR
QID17,8_YD-2,YD-2,How do you most frequently obtain or access Guana Estuary data on [Field-1]?,8,"Download from website (If so, what website?)",2,NA,MC,SAVR
QID17,8_YD-2,YD-2,How do you most frequently obtain or access Guana Estuary data on [Field-1]?,8,Pick-up paper copy in person,3,NA,MC,SAVR
QID17,8_YD-2,YD-2,How do you most frequently obtain or access Guana Estuary data on [Field-1]?,8,Other (please specify),4,NA,MC,SAVR
QID17,8_YD-2_2_TEXT,YD-2,How do you most frequently obtain or access Guana Estuary data on [Field-1]?,8,"Download from website (If so, what website?)",2,TEXT,MC,SAVR
QID17,8_YD-2_4_TEXT,YD-2,How do you most frequently obtain or access Guana Estuary data on [Field-1]?,8,Other (please specify),4,TEXT,MC,SAVR
QID18,8_YD-3_1,YD-3,What are the advantages of this primary method of accessing or obtaining Guana Estuary data on [Field-1]? (check all that apply),8,Easy/convenient to access,1,NA,MC,MAVR
QID18,8_YD-3_2,YD-3,What are the advantages of this primary method of accessing or obtaining Guana Estuary data on [Field-1]? (check all that apply),8,Data is received quickly after request,2,NA,MC,MAVR
QID18,8_YD-3_3,YD-3,What are the advantages of this primary method of accessing or obtaining Guana Estuary data on [Field-1]? (check all that apply),8,Requesting the data is quick,3,NA,MC,MAVR
QID18,8_YD-3_4,YD-3,What are the advantages of this primary method of accessing or obtaining Guana Estuary data on [Field-1]? (check all that apply),8,The format the data are delivered / accessed in is useful,4,NA,MC,MAVR
QID18,8_YD-3_6,YD-3,What are the advantages of this primary method of accessing or obtaining Guana Estuary data on [Field-1]? (check all that apply),8,There are no advantages,6,NA,MC,MAVR
QID18,8_YD-3_5,YD-3,What are the advantages of this primary method of accessing or obtaining Guana Estuary data on [Field-1]? (check all that apply),8,Other (please specify),5,NA,MC,MAVR
QID18,8_YD-3_5_TEXT,YD-3,What are the advantages of this primary method of accessing or obtaining Guana Estuary data on [Field-1]? (check all that apply),8,Other (please specify),5,TEXT,MC,MAVR
QID19,8_YD-4_1,YD-4,What are the disadvantages of the primary method of accessing or obtaining Guana Estuary data on [Field-1]? (check all that apply),8,Difficult/Complicated to access,1,NA,MC,MAVR
QID19,8_YD-4_2,YD-4,What are the disadvantages of the primary method of accessing or obtaining Guana Estuary data on [Field-1]? (check all that apply),8,Slow to receive,2,NA,MC,MAVR
QID19,8_YD-4_3,YD-4,What are the disadvantages of the primary method of accessing or obtaining Guana Estuary data on [Field-1]? (check all that apply),8,Time consuming to request,3,NA,MC,MAVR
QID19,8_YD-4_4,YD-4,What are the disadvantages of the primary method of accessing or obtaining Guana Estuary data on [Field-1]? (check all that apply),8,The format the data are delivered / accessed in is not user-friendly,4,NA,MC,MAVR
QID19,8_YD-4_6,YD-4,What are the disadvantages of the primary method of accessing or obtaining Guana Estuary data on [Field-1]? (check all that apply),8,There are no disadvantages,6,NA,MC,MAVR
QID19,8_YD-4_5,YD-4,What are the disadvantages of the primary method of accessing or obtaining Guana Estuary data on [Field-1]? (check all that apply),8,Other (please specify),5,NA,MC,MAVR
QID19,8_YD-4_5_TEXT,YD-4,What are the disadvantages of the primary method of accessing or obtaining Guana Estuary data on [Field-1]? (check all that apply),8,Other (please specify),5,TEXT,MC,MAVR
QID20,8_YD-5,YD-5,How often do/did you access or obtain Guana Estuary data on [Field-1]?,8,Daily,1,NA,MC,SAVR
QID20,8_YD-5,YD-5,How often do/did you access or obtain Guana Estuary data on [Field-1]?,8,At least once a week,2,NA,MC,SAVR
QID20,8_YD-5,YD-5,How often do/did you access or obtain Guana Estuary data on [Field-1]?,8,2-3 times a month,3,NA,MC,SAVR
QID20,8_YD-5,YD-5,How often do/did you access or obtain Guana Estuary data on [Field-1]?,8,Once a month,4,NA,MC,SAVR
QID20,8_YD-5,YD-5,How often do/did you access or obtain Guana Estuary data on [Field-1]?,8,Once every 6 months,5,NA,MC,SAVR
QID20,8_YD-5,YD-5,How often do/did you access or obtain Guana Estuary data on [Field-1]?,8,Once every year,6,NA,MC,SAVR
QID20,8_YD-5,YD-5,How often do/did you access or obtain Guana Estuary data on [Field-1]?,8,Less than once a year,7,NA,MC,SAVR
QID21,8_YD-6_1,YD-6,What do you typically use Guana Estuary data on [Field-1] for? (check all that apply),8,Research,1,NA,MC,MAVR
QID21,8_YD-6_2,YD-6,What do you typically use Guana Estuary data on [Field-1] for? (check all that apply),8,Educational purposes,2,NA,MC,MAVR
QID21,8_YD-6_3,YD-6,What do you typically use Guana Estuary data on [Field-1] for? (check all that apply),8,Work-related purposes (not research or education),3,NA,MC,MAVR
QID21,8_YD-6_4,YD-6,What do you typically use Guana Estuary data on [Field-1] for? (check all that apply),8,Decision making (for recreational/educational/scientific visits),4,NA,MC,MAVR
QID21,8_YD-6_5,YD-6,What do you typically use Guana Estuary data on [Field-1] for? (check all that apply),8,Monitoring,5,NA,MC,MAVR
QID21,8_YD-6_6,YD-6,What do you typically use Guana Estuary data on [Field-1] for? (check all that apply),8,Other (please specify),6,NA,MC,MAVR
QID21,8_YD-6_6_TEXT,YD-6,What do you typically use Guana Estuary data on [Field-1] for? (check all that apply),8,Other (please specify),6,TEXT,MC,MAVR
QID22,8_YD-7,YD-7,How well do Guana Estuary data on [Field-1] generally satisfy your need(s)?,8,Not well at all,1,NA,MC,SAVR
QID22,8_YD-7,YD-7,How well do Guana Estuary data on [Field-1] generally satisfy your need(s)?,8,Slightly well,2,NA,MC,SAVR
QID22,8_YD-7,YD-7,How well do Guana Estuary data on [Field-1] generally satisfy your need(s)?,8,Moderately well,3,NA,MC,SAVR
QID22,8_YD-7,YD-7,How well do Guana Estuary data on [Field-1] generally satisfy your need(s)?,8,Very well,4,NA,MC,SAVR
QID22,8_YD-7,YD-7,How well do Guana Estuary data on [Field-1] generally satisfy your need(s)?,8,Extremely well,5,NA,MC,SAVR
