ID,source,qname,qname_main,main,q_code,q_text,order
19,socialmedia,T-1_1,T-1,"Once this dashboard has been developed, how would you prefer to access it? (check all that apply)",1,Computer,NA
19,socialmedia,T-2_1,T-2,"What type of information would you want to see on the dashboard? 

Pick all those that apply, and please rank your selection in order of interest: 1 = would want to see most.",1,Historical data (older than 1 year),2
19,socialmedia,T-2_2,T-2,"What type of information would you want to see on the dashboard? 

Pick all those that apply, and please rank your selection in order of interest: 1 = would want to see most.",2,Recent data (within the last year),1
19,socialmedia,T-3_5,T-3,"What form of information would you want to see on the dashboard? 

Pick all those that apply, and please rank your selection in order of interest: 1 = would want to see most.",5,"Non-aggregated data (meaning: ""raw"" data, no summaries)",3
19,socialmedia,T-3_6,T-3,"What form of information would you want to see on the dashboard? 

Pick all those that apply, and please rank your selection in order of interest: 1 = would want to see most.",6,"Aggregated data, summarized for time periods",1
19,socialmedia,T-3_9,T-3,"What form of information would you want to see on the dashboard? 

Pick all those that apply, and please rank your selection in order of interest: 1 = would want to see most.",9,"Aggregated data, summarized for locations",2
19,socialmedia,T-4_1,T-4,"What format of data delivery would suit your needs best? 

Pick all those that apply, and please rank your selection: 1 = would suit my needs best.",1,"Data downloads (for instance text or comma-delimited files, spreadsheets)",3
19,socialmedia,T-4_2,T-4,"What format of data delivery would suit your needs best? 

Pick all those that apply, and please rank your selection: 1 = would suit my needs best.",2,Tables online,2
19,socialmedia,T-4_3,T-4,"What format of data delivery would suit your needs best? 

Pick all those that apply, and please rank your selection: 1 = would suit my needs best.",3,Figures or plots,1
19,socialmedia,T-4_4,T-4,"What format of data delivery would suit your needs best? 

Pick all those that apply, and please rank your selection: 1 = would suit my needs best.",4,Maps,4
31,socialmedia,T-1_1,T-1,"Once this dashboard has been developed, how would you prefer to access it? (check all that apply)",1,Computer,NA
31,socialmedia,T-1_2,T-1,"Once this dashboard has been developed, how would you prefer to access it? (check all that apply)",2,Mobile phone,NA
31,socialmedia,T-2_1,T-2,"What type of information would you want to see on the dashboard? 

Pick all those that apply, and please rank your selection in order of interest: 1 = would want to see most.",1,Historical data (older than 1 year),4
31,socialmedia,T-2_2,T-2,"What type of information would you want to see on the dashboard? 

Pick all those that apply, and please rank your selection in order of interest: 1 = would want to see most.",2,Recent data (within the last year),1
31,socialmedia,T-2_3,T-2,"What type of information would you want to see on the dashboard? 

Pick all those that apply, and please rank your selection in order of interest: 1 = would want to see most.",3,Current data (within the last month),2
31,socialmedia,T-2_4,T-2,"What type of information would you want to see on the dashboard? 

Pick all those that apply, and please rank your selection in order of interest: 1 = would want to see most.",4,Current conditions (today),3
31,socialmedia,T-3_5,T-3,"What form of information would you want to see on the dashboard? 

Pick all those that apply, and please rank your selection in order of interest: 1 = would want to see most.",5,"Non-aggregated data (meaning: ""raw"" data, no summaries)",3
31,socialmedia,T-3_6,T-3,"What form of information would you want to see on the dashboard? 

Pick all those that apply, and please rank your selection in order of interest: 1 = would want to see most.",6,"Aggregated data, summarized for time periods",2
31,socialmedia,T-3_9,T-3,"What form of information would you want to see on the dashboard? 

Pick all those that apply, and please rank your selection in order of interest: 1 = would want to see most.",9,"Aggregated data, summarized for locations",1
31,socialmedia,T-4_1,T-4,"What format of data delivery would suit your needs best? 

Pick all those that apply, and please rank your selection: 1 = would suit my needs best.",1,"Data downloads (for instance text or comma-delimited files, spreadsheets)",4
31,socialmedia,T-4_2,T-4,"What format of data delivery would suit your needs best? 

Pick all those that apply, and please rank your selection: 1 = would suit my needs best.",2,Tables online,2
31,socialmedia,T-4_3,T-4,"What format of data delivery would suit your needs best? 

Pick all those that apply, and please rank your selection: 1 = would suit my needs best.",3,Figures or plots,1
31,socialmedia,T-4_4,T-4,"What format of data delivery would suit your needs best? 

Pick all those that apply, and please rank your selection: 1 = would suit my needs best.",4,Maps,3
28,email,T-1_1,T-1,"Once this dashboard has been developed, how would you prefer to access it? (check all that apply)",1,Computer,NA
28,email,T-1_2,T-1,"Once this dashboard has been developed, how would you prefer to access it? (check all that apply)",2,Mobile phone,NA
28,email,T-2_1,T-2,"What type of information would you want to see on the dashboard? 

Pick all those that apply, and please rank your selection in order of interest: 1 = would want to see most.",1,Historical data (older than 1 year),1
28,email,T-2_2,T-2,"What type of information would you want to see on the dashboard? 

Pick all those that apply, and please rank your selection in order of interest: 1 = would want to see most.",2,Recent data (within the last year),2
28,email,T-2_4,T-2,"What type of information would you want to see on the dashboard? 

Pick all those that apply, and please rank your selection in order of interest: 1 = would want to see most.",4,Current conditions (today),3
28,email,T-3_6,T-3,"What form of information would you want to see on the dashboard? 

Pick all those that apply, and please rank your selection in order of interest: 1 = would want to see most.",6,"Aggregated data, summarized for time periods",2
28,email,T-3_9,T-3,"What form of information would you want to see on the dashboard? 

Pick all those that apply, and please rank your selection in order of interest: 1 = would want to see most.",9,"Aggregated data, summarized for locations",1
28,email,T-4_1,T-4,"What format of data delivery would suit your needs best? 

Pick all those that apply, and please rank your selection: 1 = would suit my needs best.",1,"Data downloads (for instance text or comma-delimited files, spreadsheets)",2
28,email,T-4_4,T-4,"What format of data delivery would suit your needs best? 

Pick all those that apply, and please rank your selection: 1 = would suit my needs best.",4,Maps,1
2,email,T-1_1,T-1,"Once this dashboard has been developed, how would you prefer to access it? (check all that apply)",1,Computer,NA
2,email,T-2_1,T-2,"What type of information would you want to see on the dashboard? 

Pick all those that apply, and please rank your selection in order of interest: 1 = would want to see most.",1,Historical data (older than 1 year),4
2,email,T-2_2,T-2,"What type of information would you want to see on the dashboard? 

Pick all those that apply, and please rank your selection in order of interest: 1 = would want to see most.",2,Recent data (within the last year),3
2,email,T-2_3,T-2,"What type of information would you want to see on the dashboard? 

Pick all those that apply, and please rank your selection in order of interest: 1 = would want to see most.",3,Current data (within the last month),2
2,email,T-2_4,T-2,"What type of information would you want to see on the dashboard? 

Pick all those that apply, and please rank your selection in order of interest: 1 = would want to see most.",4,Current conditions (today),1
2,email,T-3_6,T-3,"What form of information would you want to see on the dashboard? 

Pick all those that apply, and please rank your selection in order of interest: 1 = would want to see most.",6,"Aggregated data, summarized for time periods",1
2,email,T-3_9,T-3,"What form of information would you want to see on the dashboard? 

Pick all those that apply, and please rank your selection in order of interest: 1 = would want to see most.",9,"Aggregated data, summarized for locations",2
2,email,T-4_3,T-4,"What format of data delivery would suit your needs best? 

Pick all those that apply, and please rank your selection: 1 = would suit my needs best.",3,Figures or plots,2
2,email,T-4_4,T-4,"What format of data delivery would suit your needs best? 

Pick all those that apply, and please rank your selection: 1 = would suit my needs best.",4,Maps,1
15,email,T-1_1,T-1,"Once this dashboard has been developed, how would you prefer to access it? (check all that apply)",1,Computer,NA
15,email,T-2_1,T-2,"What type of information would you want to see on the dashboard? 

Pick all those that apply, and please rank your selection in order of interest: 1 = would want to see most.",1,Historical data (older than 1 year),4
15,email,T-2_2,T-2,"What type of information would you want to see on the dashboard? 

Pick all those that apply, and please rank your selection in order of interest: 1 = would want to see most.",2,Recent data (within the last year),3
15,email,T-2_3,T-2,"What type of information would you want to see on the dashboard? 

Pick all those that apply, and please rank your selection in order of interest: 1 = would want to see most.",3,Current data (within the last month),2
15,email,T-2_4,T-2,"What type of information would you want to see on the dashboard? 

Pick all those that apply, and please rank your selection in order of interest: 1 = would want to see most.",4,Current conditions (today),1
15,email,T-3_5,T-3,"What form of information would you want to see on the dashboard? 

Pick all those that apply, and please rank your selection in order of interest: 1 = would want to see most.",5,"Non-aggregated data (meaning: ""raw"" data, no summaries)",3
15,email,T-3_6,T-3,"What form of information would you want to see on the dashboard? 

Pick all those that apply, and please rank your selection in order of interest: 1 = would want to see most.",6,"Aggregated data, summarized for time periods",2
15,email,T-3_9,T-3,"What form of information would you want to see on the dashboard? 

Pick all those that apply, and please rank your selection in order of interest: 1 = would want to see most.",9,"Aggregated data, summarized for locations",1
15,email,T-4_1,T-4,"What format of data delivery would suit your needs best? 

Pick all those that apply, and please rank your selection: 1 = would suit my needs best.",1,"Data downloads (for instance text or comma-delimited files, spreadsheets)",1
15,email,T-4_2,T-4,"What format of data delivery would suit your needs best? 

Pick all those that apply, and please rank your selection: 1 = would suit my needs best.",2,Tables online,4
15,email,T-4_3,T-4,"What format of data delivery would suit your needs best? 

Pick all those that apply, and please rank your selection: 1 = would suit my needs best.",3,Figures or plots,3
15,email,T-4_4,T-4,"What format of data delivery would suit your needs best? 

Pick all those that apply, and please rank your selection: 1 = would suit my needs best.",4,Maps,2
26,email,T-1_1,T-1,"Once this dashboard has been developed, how would you prefer to access it? (check all that apply)",1,Computer,NA
26,email,T-2_1,T-2,"What type of information would you want to see on the dashboard? 

Pick all those that apply, and please rank your selection in order of interest: 1 = would want to see most.",1,Historical data (older than 1 year),3
26,email,T-2_2,T-2,"What type of information would you want to see on the dashboard? 

Pick all those that apply, and please rank your selection in order of interest: 1 = would want to see most.",2,Recent data (within the last year),2
26,email,T-2_3,T-2,"What type of information would you want to see on the dashboard? 

Pick all those that apply, and please rank your selection in order of interest: 1 = would want to see most.",3,Current data (within the last month),1
26,email,T-3_5,T-3,"What form of information would you want to see on the dashboard? 

Pick all those that apply, and please rank your selection in order of interest: 1 = would want to see most.",5,"Non-aggregated data (meaning: ""raw"" data, no summaries)",1
26,email,T-3_6,T-3,"What form of information would you want to see on the dashboard? 

Pick all those that apply, and please rank your selection in order of interest: 1 = would want to see most.",6,"Aggregated data, summarized for time periods",2
26,email,T-4_1,T-4,"What format of data delivery would suit your needs best? 

Pick all those that apply, and please rank your selection: 1 = would suit my needs best.",1,"Data downloads (for instance text or comma-delimited files, spreadsheets)",1
26,email,T-4_2,T-4,"What format of data delivery would suit your needs best? 

Pick all those that apply, and please rank your selection: 1 = would suit my needs best.",2,Tables online,2
26,email,T-4_3,T-4,"What format of data delivery would suit your needs best? 

Pick all those that apply, and please rank your selection: 1 = would suit my needs best.",3,Figures or plots,3
22,email,T-1_1,T-1,"Once this dashboard has been developed, how would you prefer to access it? (check all that apply)",1,Computer,NA
22,email,T-1_2,T-1,"Once this dashboard has been developed, how would you prefer to access it? (check all that apply)",2,Mobile phone,NA
22,email,T-2_1,T-2,"What type of information would you want to see on the dashboard? 

Pick all those that apply, and please rank your selection in order of interest: 1 = would want to see most.",1,Historical data (older than 1 year),4
22,email,T-2_2,T-2,"What type of information would you want to see on the dashboard? 

Pick all those that apply, and please rank your selection in order of interest: 1 = would want to see most.",2,Recent data (within the last year),3
22,email,T-2_3,T-2,"What type of information would you want to see on the dashboard? 

Pick all those that apply, and please rank your selection in order of interest: 1 = would want to see most.",3,Current data (within the last month),2
22,email,T-2_4,T-2,"What type of information would you want to see on the dashboard? 

Pick all those that apply, and please rank your selection in order of interest: 1 = would want to see most.",4,Current conditions (today),1
22,email,T-3_7,T-3,"What form of information would you want to see on the dashboard? 

Pick all those that apply, and please rank your selection in order of interest: 1 = would want to see most.",7,Not sure,1
22,email,T-4_2,T-4,"What format of data delivery would suit your needs best? 

Pick all those that apply, and please rank your selection: 1 = would suit my needs best.",2,Tables online,2
22,email,T-4_3,T-4,"What format of data delivery would suit your needs best? 

Pick all those that apply, and please rank your selection: 1 = would suit my needs best.",3,Figures or plots,3
22,email,T-4_4,T-4,"What format of data delivery would suit your needs best? 

Pick all those that apply, and please rank your selection: 1 = would suit my needs best.",4,Maps,1
8,email,T-1_1,T-1,"Once this dashboard has been developed, how would you prefer to access it? (check all that apply)",1,Computer,NA
8,email,T-2_1,T-2,"What type of information would you want to see on the dashboard? 

Pick all those that apply, and please rank your selection in order of interest: 1 = would want to see most.",1,Historical data (older than 1 year),1
8,email,T-2_2,T-2,"What type of information would you want to see on the dashboard? 

Pick all those that apply, and please rank your selection in order of interest: 1 = would want to see most.",2,Recent data (within the last year),2
8,email,T-2_3,T-2,"What type of information would you want to see on the dashboard? 

Pick all those that apply, and please rank your selection in order of interest: 1 = would want to see most.",3,Current data (within the last month),3
8,email,T-2_4,T-2,"What type of information would you want to see on the dashboard? 

Pick all those that apply, and please rank your selection in order of interest: 1 = would want to see most.",4,Current conditions (today),4
8,email,T-3_5,T-3,"What form of information would you want to see on the dashboard? 

Pick all those that apply, and please rank your selection in order of interest: 1 = would want to see most.",5,"Non-aggregated data (meaning: ""raw"" data, no summaries)",2
8,email,T-3_6,T-3,"What form of information would you want to see on the dashboard? 

Pick all those that apply, and please rank your selection in order of interest: 1 = would want to see most.",6,"Aggregated data, summarized for time periods",1
8,email,T-3_9,T-3,"What form of information would you want to see on the dashboard? 

Pick all those that apply, and please rank your selection in order of interest: 1 = would want to see most.",9,"Aggregated data, summarized for locations",3
8,email,T-4_1,T-4,"What format of data delivery would suit your needs best? 

Pick all those that apply, and please rank your selection: 1 = would suit my needs best.",1,"Data downloads (for instance text or comma-delimited files, spreadsheets)",1
8,email,T-4_2,T-4,"What format of data delivery would suit your needs best? 

Pick all those that apply, and please rank your selection: 1 = would suit my needs best.",2,Tables online,4
8,email,T-4_3,T-4,"What format of data delivery would suit your needs best? 

Pick all those that apply, and please rank your selection: 1 = would suit my needs best.",3,Figures or plots,3
8,email,T-4_4,T-4,"What format of data delivery would suit your needs best? 

Pick all those that apply, and please rank your selection: 1 = would suit my needs best.",4,Maps,2
24,email,T-1_1,T-1,"Once this dashboard has been developed, how would you prefer to access it? (check all that apply)",1,Computer,NA
24,email,T-1_2,T-1,"Once this dashboard has been developed, how would you prefer to access it? (check all that apply)",2,Mobile phone,NA
24,email,T-2_2,T-2,"What type of information would you want to see on the dashboard? 

Pick all those that apply, and please rank your selection in order of interest: 1 = would want to see most.",2,Recent data (within the last year),2
24,email,T-2_3,T-2,"What type of information would you want to see on the dashboard? 

Pick all those that apply, and please rank your selection in order of interest: 1 = would want to see most.",3,Current data (within the last month),1
24,email,T-3_7,T-3,"What form of information would you want to see on the dashboard? 

Pick all those that apply, and please rank your selection in order of interest: 1 = would want to see most.",7,Not sure,1
24,email,T-4_1,T-4,"What format of data delivery would suit your needs best? 

Pick all those that apply, and please rank your selection: 1 = would suit my needs best.",1,"Data downloads (for instance text or comma-delimited files, spreadsheets)",2
24,email,T-4_2,T-4,"What format of data delivery would suit your needs best? 

Pick all those that apply, and please rank your selection: 1 = would suit my needs best.",2,Tables online,3
24,email,T-4_3,T-4,"What format of data delivery would suit your needs best? 

Pick all those that apply, and please rank your selection: 1 = would suit my needs best.",3,Figures or plots,1
3,email,T-1_1,T-1,"Once this dashboard has been developed, how would you prefer to access it? (check all that apply)",1,Computer,NA
3,email,T-1_3,T-1,"Once this dashboard has been developed, how would you prefer to access it? (check all that apply)",3,Tablet,NA
3,email,T-2_1,T-2,"What type of information would you want to see on the dashboard? 

Pick all those that apply, and please rank your selection in order of interest: 1 = would want to see most.",1,Historical data (older than 1 year),3
3,email,T-2_2,T-2,"What type of information would you want to see on the dashboard? 

Pick all those that apply, and please rank your selection in order of interest: 1 = would want to see most.",2,Recent data (within the last year),2
3,email,T-2_3,T-2,"What type of information would you want to see on the dashboard? 

Pick all those that apply, and please rank your selection in order of interest: 1 = would want to see most.",3,Current data (within the last month),1
3,email,T-2_4,T-2,"What type of information would you want to see on the dashboard? 

Pick all those that apply, and please rank your selection in order of interest: 1 = would want to see most.",4,Current conditions (today),4
3,email,T-3_5,T-3,"What form of information would you want to see on the dashboard? 

Pick all those that apply, and please rank your selection in order of interest: 1 = would want to see most.",5,"Non-aggregated data (meaning: ""raw"" data, no summaries)",1
3,email,T-3_6,T-3,"What form of information would you want to see on the dashboard? 

Pick all those that apply, and please rank your selection in order of interest: 1 = would want to see most.",6,"Aggregated data, summarized for time periods",3
3,email,T-3_9,T-3,"What form of information would you want to see on the dashboard? 

Pick all those that apply, and please rank your selection in order of interest: 1 = would want to see most.",9,"Aggregated data, summarized for locations",2
3,email,T-4_1,T-4,"What format of data delivery would suit your needs best? 

Pick all those that apply, and please rank your selection: 1 = would suit my needs best.",1,"Data downloads (for instance text or comma-delimited files, spreadsheets)",1
3,email,T-4_2,T-4,"What format of data delivery would suit your needs best? 

Pick all those that apply, and please rank your selection: 1 = would suit my needs best.",2,Tables online,2
3,email,T-4_3,T-4,"What format of data delivery would suit your needs best? 

Pick all those that apply, and please rank your selection: 1 = would suit my needs best.",3,Figures or plots,3
3,email,T-4_4,T-4,"What format of data delivery would suit your needs best? 

Pick all those that apply, and please rank your selection: 1 = would suit my needs best.",4,Maps,4
29,email,T-1_1,T-1,"Once this dashboard has been developed, how would you prefer to access it? (check all that apply)",1,Computer,NA
29,email,T-2_1,T-2,"What type of information would you want to see on the dashboard? 

Pick all those that apply, and please rank your selection in order of interest: 1 = would want to see most.",1,Historical data (older than 1 year),3
29,email,T-2_2,T-2,"What type of information would you want to see on the dashboard? 

Pick all those that apply, and please rank your selection in order of interest: 1 = would want to see most.",2,Recent data (within the last year),2
29,email,T-2_3,T-2,"What type of information would you want to see on the dashboard? 

Pick all those that apply, and please rank your selection in order of interest: 1 = would want to see most.",3,Current data (within the last month),1
29,email,T-3_6,T-3,"What form of information would you want to see on the dashboard? 

Pick all those that apply, and please rank your selection in order of interest: 1 = would want to see most.",6,"Aggregated data, summarized for time periods",1
29,email,T-3_9,T-3,"What form of information would you want to see on the dashboard? 

Pick all those that apply, and please rank your selection in order of interest: 1 = would want to see most.",9,"Aggregated data, summarized for locations",2
29,email,T-4_2,T-4,"What format of data delivery would suit your needs best? 

Pick all those that apply, and please rank your selection: 1 = would suit my needs best.",2,Tables online,1
29,email,T-4_3,T-4,"What format of data delivery would suit your needs best? 

Pick all those that apply, and please rank your selection: 1 = would suit my needs best.",3,Figures or plots,3
29,email,T-4_4,T-4,"What format of data delivery would suit your needs best? 

Pick all those that apply, and please rank your selection: 1 = would suit my needs best.",4,Maps,2
30,email,T-1_1,T-1,"Once this dashboard has been developed, how would you prefer to access it? (check all that apply)",1,Computer,NA
30,email,T-1_2,T-1,"Once this dashboard has been developed, how would you prefer to access it? (check all that apply)",2,Mobile phone,NA
30,email,T-2_1,T-2,"What type of information would you want to see on the dashboard? 

Pick all those that apply, and please rank your selection in order of interest: 1 = would want to see most.",1,Historical data (older than 1 year),4
30,email,T-2_2,T-2,"What type of information would you want to see on the dashboard? 

Pick all those that apply, and please rank your selection in order of interest: 1 = would want to see most.",2,Recent data (within the last year),3
30,email,T-2_3,T-2,"What type of information would you want to see on the dashboard? 

Pick all those that apply, and please rank your selection in order of interest: 1 = would want to see most.",3,Current data (within the last month),2
30,email,T-2_4,T-2,"What type of information would you want to see on the dashboard? 

Pick all those that apply, and please rank your selection in order of interest: 1 = would want to see most.",4,Current conditions (today),1
30,email,T-3_5,T-3,"What form of information would you want to see on the dashboard? 

Pick all those that apply, and please rank your selection in order of interest: 1 = would want to see most.",5,"Non-aggregated data (meaning: ""raw"" data, no summaries)",3
30,email,T-3_6,T-3,"What form of information would you want to see on the dashboard? 

Pick all those that apply, and please rank your selection in order of interest: 1 = would want to see most.",6,"Aggregated data, summarized for time periods",1
30,email,T-3_9,T-3,"What form of information would you want to see on the dashboard? 

Pick all those that apply, and please rank your selection in order of interest: 1 = would want to see most.",9,"Aggregated data, summarized for locations",2
30,email,T-4_1,T-4,"What format of data delivery would suit your needs best? 

Pick all those that apply, and please rank your selection: 1 = would suit my needs best.",1,"Data downloads (for instance text or comma-delimited files, spreadsheets)",4
30,email,T-4_2,T-4,"What format of data delivery would suit your needs best? 

Pick all those that apply, and please rank your selection: 1 = would suit my needs best.",2,Tables online,1
30,email,T-4_3,T-4,"What format of data delivery would suit your needs best? 

Pick all those that apply, and please rank your selection: 1 = would suit my needs best.",3,Figures or plots,3
30,email,T-4_4,T-4,"What format of data delivery would suit your needs best? 

Pick all those that apply, and please rank your selection: 1 = would suit my needs best.",4,Maps,2
36,email,T-1_1,T-1,"Once this dashboard has been developed, how would you prefer to access it? (check all that apply)",1,Computer,NA
36,email,T-1_2,T-1,"Once this dashboard has been developed, how would you prefer to access it? (check all that apply)",2,Mobile phone,NA
36,email,T-2_1,T-2,"What type of information would you want to see on the dashboard? 

Pick all those that apply, and please rank your selection in order of interest: 1 = would want to see most.",1,Historical data (older than 1 year),3
36,email,T-2_2,T-2,"What type of information would you want to see on the dashboard? 

Pick all those that apply, and please rank your selection in order of interest: 1 = would want to see most.",2,Recent data (within the last year),2
36,email,T-2_3,T-2,"What type of information would you want to see on the dashboard? 

Pick all those that apply, and please rank your selection in order of interest: 1 = would want to see most.",3,Current data (within the last month),4
36,email,T-2_4,T-2,"What type of information would you want to see on the dashboard? 

Pick all those that apply, and please rank your selection in order of interest: 1 = would want to see most.",4,Current conditions (today),1
36,email,T-3_5,T-3,"What form of information would you want to see on the dashboard? 

Pick all those that apply, and please rank your selection in order of interest: 1 = would want to see most.",5,"Non-aggregated data (meaning: ""raw"" data, no summaries)",3
36,email,T-3_6,T-3,"What form of information would you want to see on the dashboard? 

Pick all those that apply, and please rank your selection in order of interest: 1 = would want to see most.",6,"Aggregated data, summarized for time periods",2
36,email,T-3_9,T-3,"What form of information would you want to see on the dashboard? 

Pick all those that apply, and please rank your selection in order of interest: 1 = would want to see most.",9,"Aggregated data, summarized for locations",1
36,email,T-4_1,T-4,"What format of data delivery would suit your needs best? 

Pick all those that apply, and please rank your selection: 1 = would suit my needs best.",1,"Data downloads (for instance text or comma-delimited files, spreadsheets)",1
36,email,T-4_3,T-4,"What format of data delivery would suit your needs best? 

Pick all those that apply, and please rank your selection: 1 = would suit my needs best.",3,Figures or plots,3
36,email,T-4_4,T-4,"What format of data delivery would suit your needs best? 

Pick all those that apply, and please rank your selection: 1 = would suit my needs best.",4,Maps,2
33,email,T-1_1,T-1,"Once this dashboard has been developed, how would you prefer to access it? (check all that apply)",1,Computer,NA
33,email,T-1_2,T-1,"Once this dashboard has been developed, how would you prefer to access it? (check all that apply)",2,Mobile phone,NA
33,email,T-2_1,T-2,"What type of information would you want to see on the dashboard? 

Pick all those that apply, and please rank your selection in order of interest: 1 = would want to see most.",1,Historical data (older than 1 year),4
33,email,T-2_2,T-2,"What type of information would you want to see on the dashboard? 

Pick all those that apply, and please rank your selection in order of interest: 1 = would want to see most.",2,Recent data (within the last year),3
33,email,T-2_3,T-2,"What type of information would you want to see on the dashboard? 

Pick all those that apply, and please rank your selection in order of interest: 1 = would want to see most.",3,Current data (within the last month),2
33,email,T-2_4,T-2,"What type of information would you want to see on the dashboard? 

Pick all those that apply, and please rank your selection in order of interest: 1 = would want to see most.",4,Current conditions (today),1
33,email,T-3_5,T-3,"What form of information would you want to see on the dashboard? 

Pick all those that apply, and please rank your selection in order of interest: 1 = would want to see most.",5,"Non-aggregated data (meaning: ""raw"" data, no summaries)",3
33,email,T-3_6,T-3,"What form of information would you want to see on the dashboard? 

Pick all those that apply, and please rank your selection in order of interest: 1 = would want to see most.",6,"Aggregated data, summarized for time periods",2
33,email,T-3_9,T-3,"What form of information would you want to see on the dashboard? 

Pick all those that apply, and please rank your selection in order of interest: 1 = would want to see most.",9,"Aggregated data, summarized for locations",1
33,email,T-4_1,T-4,"What format of data delivery would suit your needs best? 

Pick all those that apply, and please rank your selection: 1 = would suit my needs best.",1,"Data downloads (for instance text or comma-delimited files, spreadsheets)",4
33,email,T-4_2,T-4,"What format of data delivery would suit your needs best? 

Pick all those that apply, and please rank your selection: 1 = would suit my needs best.",2,Tables online,2
33,email,T-4_3,T-4,"What format of data delivery would suit your needs best? 

Pick all those that apply, and please rank your selection: 1 = would suit my needs best.",3,Figures or plots,3
33,email,T-4_4,T-4,"What format of data delivery would suit your needs best? 

Pick all those that apply, and please rank your selection: 1 = would suit my needs best.",4,Maps,1
32,email,T-1_1,T-1,"Once this dashboard has been developed, how would you prefer to access it? (check all that apply)",1,Computer,NA
32,email,T-2_1,T-2,"What type of information would you want to see on the dashboard? 

Pick all those that apply, and please rank your selection in order of interest: 1 = would want to see most.",1,Historical data (older than 1 year),1
32,email,T-2_2,T-2,"What type of information would you want to see on the dashboard? 

Pick all those that apply, and please rank your selection in order of interest: 1 = would want to see most.",2,Recent data (within the last year),2
32,email,T-2_3,T-2,"What type of information would you want to see on the dashboard? 

Pick all those that apply, and please rank your selection in order of interest: 1 = would want to see most.",3,Current data (within the last month),3
32,email,T-3_5,T-3,"What form of information would you want to see on the dashboard? 

Pick all those that apply, and please rank your selection in order of interest: 1 = would want to see most.",5,"Non-aggregated data (meaning: ""raw"" data, no summaries)",1
32,email,T-3_6,T-3,"What form of information would you want to see on the dashboard? 

Pick all those that apply, and please rank your selection in order of interest: 1 = would want to see most.",6,"Aggregated data, summarized for time periods",2
32,email,T-3_9,T-3,"What form of information would you want to see on the dashboard? 

Pick all those that apply, and please rank your selection in order of interest: 1 = would want to see most.",9,"Aggregated data, summarized for locations",3
32,email,T-4_1,T-4,"What format of data delivery would suit your needs best? 

Pick all those that apply, and please rank your selection: 1 = would suit my needs best.",1,"Data downloads (for instance text or comma-delimited files, spreadsheets)",1
32,email,T-4_2,T-4,"What format of data delivery would suit your needs best? 

Pick all those that apply, and please rank your selection: 1 = would suit my needs best.",2,Tables online,3
32,email,T-4_3,T-4,"What format of data delivery would suit your needs best? 

Pick all those that apply, and please rank your selection: 1 = would suit my needs best.",3,Figures or plots,4
32,email,T-4_4,T-4,"What format of data delivery would suit your needs best? 

Pick all those that apply, and please rank your selection: 1 = would suit my needs best.",4,Maps,2
12,email,T-1_1,T-1,"Once this dashboard has been developed, how would you prefer to access it? (check all that apply)",1,Computer,NA
12,email,T-2_1,T-2,"What type of information would you want to see on the dashboard? 

Pick all those that apply, and please rank your selection in order of interest: 1 = would want to see most.",1,Historical data (older than 1 year),4
12,email,T-2_2,T-2,"What type of information would you want to see on the dashboard? 

Pick all those that apply, and please rank your selection in order of interest: 1 = would want to see most.",2,Recent data (within the last year),2
12,email,T-2_3,T-2,"What type of information would you want to see on the dashboard? 

Pick all those that apply, and please rank your selection in order of interest: 1 = would want to see most.",3,Current data (within the last month),1
12,email,T-2_4,T-2,"What type of information would you want to see on the dashboard? 

Pick all those that apply, and please rank your selection in order of interest: 1 = would want to see most.",4,Current conditions (today),3
12,email,T-3_5,T-3,"What form of information would you want to see on the dashboard? 

Pick all those that apply, and please rank your selection in order of interest: 1 = would want to see most.",5,"Non-aggregated data (meaning: ""raw"" data, no summaries)",1
12,email,T-3_6,T-3,"What form of information would you want to see on the dashboard? 

Pick all those that apply, and please rank your selection in order of interest: 1 = would want to see most.",6,"Aggregated data, summarized for time periods",3
12,email,T-3_9,T-3,"What form of information would you want to see on the dashboard? 

Pick all those that apply, and please rank your selection in order of interest: 1 = would want to see most.",9,"Aggregated data, summarized for locations",2
12,email,T-4_1,T-4,"What format of data delivery would suit your needs best? 

Pick all those that apply, and please rank your selection: 1 = would suit my needs best.",1,"Data downloads (for instance text or comma-delimited files, spreadsheets)",3
12,email,T-4_2,T-4,"What format of data delivery would suit your needs best? 

Pick all those that apply, and please rank your selection: 1 = would suit my needs best.",2,Tables online,4
12,email,T-4_3,T-4,"What format of data delivery would suit your needs best? 

Pick all those that apply, and please rank your selection: 1 = would suit my needs best.",3,Figures or plots,2
12,email,T-4_4,T-4,"What format of data delivery would suit your needs best? 

Pick all those that apply, and please rank your selection: 1 = would suit my needs best.",4,Maps,1
37,email,T-1_1,T-1,"Once this dashboard has been developed, how would you prefer to access it? (check all that apply)",1,Computer,NA
37,email,T-1_2,T-1,"Once this dashboard has been developed, how would you prefer to access it? (check all that apply)",2,Mobile phone,NA
37,email,T-2_1,T-2,"What type of information would you want to see on the dashboard? 

Pick all those that apply, and please rank your selection in order of interest: 1 = would want to see most.",1,Historical data (older than 1 year),2
37,email,T-2_3,T-2,"What type of information would you want to see on the dashboard? 

Pick all those that apply, and please rank your selection in order of interest: 1 = would want to see most.",3,Current data (within the last month),1
37,email,T-3_5,T-3,"What form of information would you want to see on the dashboard? 

Pick all those that apply, and please rank your selection in order of interest: 1 = would want to see most.",5,"Non-aggregated data (meaning: ""raw"" data, no summaries)",3
37,email,T-3_6,T-3,"What form of information would you want to see on the dashboard? 

Pick all those that apply, and please rank your selection in order of interest: 1 = would want to see most.",6,"Aggregated data, summarized for time periods",2
37,email,T-3_9,T-3,"What form of information would you want to see on the dashboard? 

Pick all those that apply, and please rank your selection in order of interest: 1 = would want to see most.",9,"Aggregated data, summarized for locations",1
37,email,T-4_1,T-4,"What format of data delivery would suit your needs best? 

Pick all those that apply, and please rank your selection: 1 = would suit my needs best.",1,"Data downloads (for instance text or comma-delimited files, spreadsheets)",2
37,email,T-4_4,T-4,"What format of data delivery would suit your needs best? 

Pick all those that apply, and please rank your selection: 1 = would suit my needs best.",4,Maps,1
20,email,T-1_1,T-1,"Once this dashboard has been developed, how would you prefer to access it? (check all that apply)",1,Computer,NA
20,email,T-1_3,T-1,"Once this dashboard has been developed, how would you prefer to access it? (check all that apply)",3,Tablet,NA
20,email,T-2_1,T-2,"What type of information would you want to see on the dashboard? 

Pick all those that apply, and please rank your selection in order of interest: 1 = would want to see most.",1,Historical data (older than 1 year),4
20,email,T-2_2,T-2,"What type of information would you want to see on the dashboard? 

Pick all those that apply, and please rank your selection in order of interest: 1 = would want to see most.",2,Recent data (within the last year),3
20,email,T-2_3,T-2,"What type of information would you want to see on the dashboard? 

Pick all those that apply, and please rank your selection in order of interest: 1 = would want to see most.",3,Current data (within the last month),2
20,email,T-2_4,T-2,"What type of information would you want to see on the dashboard? 

Pick all those that apply, and please rank your selection in order of interest: 1 = would want to see most.",4,Current conditions (today),1
20,email,T-3_9,T-3,"What form of information would you want to see on the dashboard? 

Pick all those that apply, and please rank your selection in order of interest: 1 = would want to see most.",9,"Aggregated data, summarized for locations",1
20,email,T-4_2,T-4,"What format of data delivery would suit your needs best? 

Pick all those that apply, and please rank your selection: 1 = would suit my needs best.",2,Tables online,2
20,email,T-4_3,T-4,"What format of data delivery would suit your needs best? 

Pick all those that apply, and please rank your selection: 1 = would suit my needs best.",3,Figures or plots,3
20,email,T-4_4,T-4,"What format of data delivery would suit your needs best? 

Pick all those that apply, and please rank your selection: 1 = would suit my needs best.",4,Maps,1
23,email,T-1_1,T-1,"Once this dashboard has been developed, how would you prefer to access it? (check all that apply)",1,Computer,NA
23,email,T-2_1,T-2,"What type of information would you want to see on the dashboard? 

Pick all those that apply, and please rank your selection in order of interest: 1 = would want to see most.",1,Historical data (older than 1 year),1
23,email,T-2_2,T-2,"What type of information would you want to see on the dashboard? 

Pick all those that apply, and please rank your selection in order of interest: 1 = would want to see most.",2,Recent data (within the last year),2
23,email,T-2_3,T-2,"What type of information would you want to see on the dashboard? 

Pick all those that apply, and please rank your selection in order of interest: 1 = would want to see most.",3,Current data (within the last month),3
23,email,T-3_5,T-3,"What form of information would you want to see on the dashboard? 

Pick all those that apply, and please rank your selection in order of interest: 1 = would want to see most.",5,"Non-aggregated data (meaning: ""raw"" data, no summaries)",1
23,email,T-3_6,T-3,"What form of information would you want to see on the dashboard? 

Pick all those that apply, and please rank your selection in order of interest: 1 = would want to see most.",6,"Aggregated data, summarized for time periods",3
23,email,T-3_9,T-3,"What form of information would you want to see on the dashboard? 

Pick all those that apply, and please rank your selection in order of interest: 1 = would want to see most.",9,"Aggregated data, summarized for locations",2
23,email,T-4_1,T-4,"What format of data delivery would suit your needs best? 

Pick all those that apply, and please rank your selection: 1 = would suit my needs best.",1,"Data downloads (for instance text or comma-delimited files, spreadsheets)",1
23,email,T-4_2,T-4,"What format of data delivery would suit your needs best? 

Pick all those that apply, and please rank your selection: 1 = would suit my needs best.",2,Tables online,3
23,email,T-4_4,T-4,"What format of data delivery would suit your needs best? 

Pick all those that apply, and please rank your selection: 1 = would suit my needs best.",4,Maps,2
18,email,T-1_1,T-1,"Once this dashboard has been developed, how would you prefer to access it? (check all that apply)",1,Computer,NA
18,email,T-1_2,T-1,"Once this dashboard has been developed, how would you prefer to access it? (check all that apply)",2,Mobile phone,NA
18,email,T-2_2,T-2,"What type of information would you want to see on the dashboard? 

Pick all those that apply, and please rank your selection in order of interest: 1 = would want to see most.",2,Recent data (within the last year),3
18,email,T-2_3,T-2,"What type of information would you want to see on the dashboard? 

Pick all those that apply, and please rank your selection in order of interest: 1 = would want to see most.",3,Current data (within the last month),2
18,email,T-2_4,T-2,"What type of information would you want to see on the dashboard? 

Pick all those that apply, and please rank your selection in order of interest: 1 = would want to see most.",4,Current conditions (today),1
18,email,T-3_5,T-3,"What form of information would you want to see on the dashboard? 

Pick all those that apply, and please rank your selection in order of interest: 1 = would want to see most.",5,"Non-aggregated data (meaning: ""raw"" data, no summaries)",1
18,email,T-3_6,T-3,"What form of information would you want to see on the dashboard? 

Pick all those that apply, and please rank your selection in order of interest: 1 = would want to see most.",6,"Aggregated data, summarized for time periods",2
18,email,T-3_9,T-3,"What form of information would you want to see on the dashboard? 

Pick all those that apply, and please rank your selection in order of interest: 1 = would want to see most.",9,"Aggregated data, summarized for locations",3
18,email,T-4_1,T-4,"What format of data delivery would suit your needs best? 

Pick all those that apply, and please rank your selection: 1 = would suit my needs best.",1,"Data downloads (for instance text or comma-delimited files, spreadsheets)",1
18,email,T-4_2,T-4,"What format of data delivery would suit your needs best? 

Pick all those that apply, and please rank your selection: 1 = would suit my needs best.",2,Tables online,2
18,email,T-4_3,T-4,"What format of data delivery would suit your needs best? 

Pick all those that apply, and please rank your selection: 1 = would suit my needs best.",3,Figures or plots,4
18,email,T-4_4,T-4,"What format of data delivery would suit your needs best? 

Pick all those that apply, and please rank your selection: 1 = would suit my needs best.",4,Maps,3
27,email,T-1_1,T-1,"Once this dashboard has been developed, how would you prefer to access it? (check all that apply)",1,Computer,NA
27,email,T-1_2,T-1,"Once this dashboard has been developed, how would you prefer to access it? (check all that apply)",2,Mobile phone,NA
27,email,T-2_1,T-2,"What type of information would you want to see on the dashboard? 

Pick all those that apply, and please rank your selection in order of interest: 1 = would want to see most.",1,Historical data (older than 1 year),4
27,email,T-2_2,T-2,"What type of information would you want to see on the dashboard? 

Pick all those that apply, and please rank your selection in order of interest: 1 = would want to see most.",2,Recent data (within the last year),3
27,email,T-2_3,T-2,"What type of information would you want to see on the dashboard? 

Pick all those that apply, and please rank your selection in order of interest: 1 = would want to see most.",3,Current data (within the last month),2
27,email,T-2_4,T-2,"What type of information would you want to see on the dashboard? 

Pick all those that apply, and please rank your selection in order of interest: 1 = would want to see most.",4,Current conditions (today),1
27,email,T-3_5,T-3,"What form of information would you want to see on the dashboard? 

Pick all those that apply, and please rank your selection in order of interest: 1 = would want to see most.",5,"Non-aggregated data (meaning: ""raw"" data, no summaries)",3
27,email,T-3_6,T-3,"What form of information would you want to see on the dashboard? 

Pick all those that apply, and please rank your selection in order of interest: 1 = would want to see most.",6,"Aggregated data, summarized for time periods",2
27,email,T-3_9,T-3,"What form of information would you want to see on the dashboard? 

Pick all those that apply, and please rank your selection in order of interest: 1 = would want to see most.",9,"Aggregated data, summarized for locations",1
27,email,T-4_1,T-4,"What format of data delivery would suit your needs best? 

Pick all those that apply, and please rank your selection: 1 = would suit my needs best.",1,"Data downloads (for instance text or comma-delimited files, spreadsheets)",3
27,email,T-4_2,T-4,"What format of data delivery would suit your needs best? 

Pick all those that apply, and please rank your selection: 1 = would suit my needs best.",2,Tables online,1
27,email,T-4_3,T-4,"What format of data delivery would suit your needs best? 

Pick all those that apply, and please rank your selection: 1 = would suit my needs best.",3,Figures or plots,2
27,email,T-4_4,T-4,"What format of data delivery would suit your needs best? 

Pick all those that apply, and please rank your selection: 1 = would suit my needs best.",4,Maps,4
6,email,T-1_1,T-1,"Once this dashboard has been developed, how would you prefer to access it? (check all that apply)",1,Computer,NA
6,email,T-2_1,T-2,"What type of information would you want to see on the dashboard? 

Pick all those that apply, and please rank your selection in order of interest: 1 = would want to see most.",1,Historical data (older than 1 year),4
6,email,T-2_2,T-2,"What type of information would you want to see on the dashboard? 

Pick all those that apply, and please rank your selection in order of interest: 1 = would want to see most.",2,Recent data (within the last year),3
6,email,T-2_3,T-2,"What type of information would you want to see on the dashboard? 

Pick all those that apply, and please rank your selection in order of interest: 1 = would want to see most.",3,Current data (within the last month),2
6,email,T-2_4,T-2,"What type of information would you want to see on the dashboard? 

Pick all those that apply, and please rank your selection in order of interest: 1 = would want to see most.",4,Current conditions (today),1
6,email,T-3_7,T-3,"What form of information would you want to see on the dashboard? 

Pick all those that apply, and please rank your selection in order of interest: 1 = would want to see most.",7,Not sure,1
6,email,T-4_1,T-4,"What format of data delivery would suit your needs best? 

Pick all those that apply, and please rank your selection: 1 = would suit my needs best.",1,"Data downloads (for instance text or comma-delimited files, spreadsheets)",3
6,email,T-4_2,T-4,"What format of data delivery would suit your needs best? 

Pick all those that apply, and please rank your selection: 1 = would suit my needs best.",2,Tables online,4
6,email,T-4_3,T-4,"What format of data delivery would suit your needs best? 

Pick all those that apply, and please rank your selection: 1 = would suit my needs best.",3,Figures or plots,2
6,email,T-4_4,T-4,"What format of data delivery would suit your needs best? 

Pick all those that apply, and please rank your selection: 1 = would suit my needs best.",4,Maps,1
16,email,T-1_1,T-1,"Once this dashboard has been developed, how would you prefer to access it? (check all that apply)",1,Computer,NA
16,email,T-2_1,T-2,"What type of information would you want to see on the dashboard? 

Pick all those that apply, and please rank your selection in order of interest: 1 = would want to see most.",1,Historical data (older than 1 year),3
16,email,T-2_2,T-2,"What type of information would you want to see on the dashboard? 

Pick all those that apply, and please rank your selection in order of interest: 1 = would want to see most.",2,Recent data (within the last year),2
16,email,T-2_3,T-2,"What type of information would you want to see on the dashboard? 

Pick all those that apply, and please rank your selection in order of interest: 1 = would want to see most.",3,Current data (within the last month),1
16,email,T-2_4,T-2,"What type of information would you want to see on the dashboard? 

Pick all those that apply, and please rank your selection in order of interest: 1 = would want to see most.",4,Current conditions (today),4
16,email,T-3_5,T-3,"What form of information would you want to see on the dashboard? 

Pick all those that apply, and please rank your selection in order of interest: 1 = would want to see most.",5,"Non-aggregated data (meaning: ""raw"" data, no summaries)",3
16,email,T-3_6,T-3,"What form of information would you want to see on the dashboard? 

Pick all those that apply, and please rank your selection in order of interest: 1 = would want to see most.",6,"Aggregated data, summarized for time periods",2
16,email,T-3_9,T-3,"What form of information would you want to see on the dashboard? 

Pick all those that apply, and please rank your selection in order of interest: 1 = would want to see most.",9,"Aggregated data, summarized for locations",1
16,email,T-4_1,T-4,"What format of data delivery would suit your needs best? 

Pick all those that apply, and please rank your selection: 1 = would suit my needs best.",1,"Data downloads (for instance text or comma-delimited files, spreadsheets)",4
16,email,T-4_2,T-4,"What format of data delivery would suit your needs best? 

Pick all those that apply, and please rank your selection: 1 = would suit my needs best.",2,Tables online,3
16,email,T-4_3,T-4,"What format of data delivery would suit your needs best? 

Pick all those that apply, and please rank your selection: 1 = would suit my needs best.",3,Figures or plots,2
16,email,T-4_4,T-4,"What format of data delivery would suit your needs best? 

Pick all those that apply, and please rank your selection: 1 = would suit my needs best.",4,Maps,1
11,email,T-1_1,T-1,"Once this dashboard has been developed, how would you prefer to access it? (check all that apply)",1,Computer,NA
11,email,T-2_1,T-2,"What type of information would you want to see on the dashboard? 

Pick all those that apply, and please rank your selection in order of interest: 1 = would want to see most.",1,Historical data (older than 1 year),4
11,email,T-2_2,T-2,"What type of information would you want to see on the dashboard? 

Pick all those that apply, and please rank your selection in order of interest: 1 = would want to see most.",2,Recent data (within the last year),3
11,email,T-2_3,T-2,"What type of information would you want to see on the dashboard? 

Pick all those that apply, and please rank your selection in order of interest: 1 = would want to see most.",3,Current data (within the last month),1
11,email,T-2_4,T-2,"What type of information would you want to see on the dashboard? 

Pick all those that apply, and please rank your selection in order of interest: 1 = would want to see most.",4,Current conditions (today),2
11,email,T-3_5,T-3,"What form of information would you want to see on the dashboard? 

Pick all those that apply, and please rank your selection in order of interest: 1 = would want to see most.",5,"Non-aggregated data (meaning: ""raw"" data, no summaries)",2
11,email,T-3_6,T-3,"What form of information would you want to see on the dashboard? 

Pick all those that apply, and please rank your selection in order of interest: 1 = would want to see most.",6,"Aggregated data, summarized for time periods",1
11,email,T-4_1,T-4,"What format of data delivery would suit your needs best? 

Pick all those that apply, and please rank your selection: 1 = would suit my needs best.",1,"Data downloads (for instance text or comma-delimited files, spreadsheets)",1
11,email,T-4_2,T-4,"What format of data delivery would suit your needs best? 

Pick all those that apply, and please rank your selection: 1 = would suit my needs best.",2,Tables online,3
11,email,T-4_3,T-4,"What format of data delivery would suit your needs best? 

Pick all those that apply, and please rank your selection: 1 = would suit my needs best.",3,Figures or plots,2
11,email,T-4_4,T-4,"What format of data delivery would suit your needs best? 

Pick all those that apply, and please rank your selection: 1 = would suit my needs best.",4,Maps,4
5,email,T-1_1,T-1,"Once this dashboard has been developed, how would you prefer to access it? (check all that apply)",1,Computer,NA
5,email,T-1_2,T-1,"Once this dashboard has been developed, how would you prefer to access it? (check all that apply)",2,Mobile phone,NA
5,email,T-1_3,T-1,"Once this dashboard has been developed, how would you prefer to access it? (check all that apply)",3,Tablet,NA
5,email,T-2_1,T-2,"What type of information would you want to see on the dashboard? 

Pick all those that apply, and please rank your selection in order of interest: 1 = would want to see most.",1,Historical data (older than 1 year),4
5,email,T-2_2,T-2,"What type of information would you want to see on the dashboard? 

Pick all those that apply, and please rank your selection in order of interest: 1 = would want to see most.",2,Recent data (within the last year),3
5,email,T-2_3,T-2,"What type of information would you want to see on the dashboard? 

Pick all those that apply, and please rank your selection in order of interest: 1 = would want to see most.",3,Current data (within the last month),2
5,email,T-2_4,T-2,"What type of information would you want to see on the dashboard? 

Pick all those that apply, and please rank your selection in order of interest: 1 = would want to see most.",4,Current conditions (today),1
5,email,T-3_5,T-3,"What form of information would you want to see on the dashboard? 

Pick all those that apply, and please rank your selection in order of interest: 1 = would want to see most.",5,"Non-aggregated data (meaning: ""raw"" data, no summaries)",3
5,email,T-3_6,T-3,"What form of information would you want to see on the dashboard? 

Pick all those that apply, and please rank your selection in order of interest: 1 = would want to see most.",6,"Aggregated data, summarized for time periods",2
5,email,T-3_9,T-3,"What form of information would you want to see on the dashboard? 

Pick all those that apply, and please rank your selection in order of interest: 1 = would want to see most.",9,"Aggregated data, summarized for locations",1
5,email,T-4_1,T-4,"What format of data delivery would suit your needs best? 

Pick all those that apply, and please rank your selection: 1 = would suit my needs best.",1,"Data downloads (for instance text or comma-delimited files, spreadsheets)",3
5,email,T-4_2,T-4,"What format of data delivery would suit your needs best? 

Pick all those that apply, and please rank your selection: 1 = would suit my needs best.",2,Tables online,4
5,email,T-4_3,T-4,"What format of data delivery would suit your needs best? 

Pick all those that apply, and please rank your selection: 1 = would suit my needs best.",3,Figures or plots,2
5,email,T-4_4,T-4,"What format of data delivery would suit your needs best? 

Pick all those that apply, and please rank your selection: 1 = would suit my needs best.",4,Maps,1
4,email,T-1_1,T-1,"Once this dashboard has been developed, how would you prefer to access it? (check all that apply)",1,Computer,NA
4,email,T-1_2,T-1,"Once this dashboard has been developed, how would you prefer to access it? (check all that apply)",2,Mobile phone,NA
4,email,T-1_3,T-1,"Once this dashboard has been developed, how would you prefer to access it? (check all that apply)",3,Tablet,NA
4,email,T-2_1,T-2,"What type of information would you want to see on the dashboard? 

Pick all those that apply, and please rank your selection in order of interest: 1 = would want to see most.",1,Historical data (older than 1 year),4
4,email,T-2_2,T-2,"What type of information would you want to see on the dashboard? 

Pick all those that apply, and please rank your selection in order of interest: 1 = would want to see most.",2,Recent data (within the last year),3
4,email,T-2_3,T-2,"What type of information would you want to see on the dashboard? 

Pick all those that apply, and please rank your selection in order of interest: 1 = would want to see most.",3,Current data (within the last month),2
4,email,T-2_4,T-2,"What type of information would you want to see on the dashboard? 

Pick all those that apply, and please rank your selection in order of interest: 1 = would want to see most.",4,Current conditions (today),1
4,email,T-3_5,T-3,"What form of information would you want to see on the dashboard? 

Pick all those that apply, and please rank your selection in order of interest: 1 = would want to see most.",5,"Non-aggregated data (meaning: ""raw"" data, no summaries)",3
4,email,T-3_6,T-3,"What form of information would you want to see on the dashboard? 

Pick all those that apply, and please rank your selection in order of interest: 1 = would want to see most.",6,"Aggregated data, summarized for time periods",2
4,email,T-3_9,T-3,"What form of information would you want to see on the dashboard? 

Pick all those that apply, and please rank your selection in order of interest: 1 = would want to see most.",9,"Aggregated data, summarized for locations",1
4,email,T-4_2,T-4,"What format of data delivery would suit your needs best? 

Pick all those that apply, and please rank your selection: 1 = would suit my needs best.",2,Tables online,2
4,email,T-4_4,T-4,"What format of data delivery would suit your needs best? 

Pick all those that apply, and please rank your selection: 1 = would suit my needs best.",4,Maps,1
14,email,T-1_1,T-1,"Once this dashboard has been developed, how would you prefer to access it? (check all that apply)",1,Computer,NA
14,email,T-2_1,T-2,"What type of information would you want to see on the dashboard? 

Pick all those that apply, and please rank your selection in order of interest: 1 = would want to see most.",1,Historical data (older than 1 year),3
14,email,T-2_2,T-2,"What type of information would you want to see on the dashboard? 

Pick all those that apply, and please rank your selection in order of interest: 1 = would want to see most.",2,Recent data (within the last year),2
14,email,T-2_3,T-2,"What type of information would you want to see on the dashboard? 

Pick all those that apply, and please rank your selection in order of interest: 1 = would want to see most.",3,Current data (within the last month),1
14,email,T-2_4,T-2,"What type of information would you want to see on the dashboard? 

Pick all those that apply, and please rank your selection in order of interest: 1 = would want to see most.",4,Current conditions (today),4
14,email,T-3_5,T-3,"What form of information would you want to see on the dashboard? 

Pick all those that apply, and please rank your selection in order of interest: 1 = would want to see most.",5,"Non-aggregated data (meaning: ""raw"" data, no summaries)",1
14,email,T-3_6,T-3,"What form of information would you want to see on the dashboard? 

Pick all those that apply, and please rank your selection in order of interest: 1 = would want to see most.",6,"Aggregated data, summarized for time periods",2
14,email,T-3_9,T-3,"What form of information would you want to see on the dashboard? 

Pick all those that apply, and please rank your selection in order of interest: 1 = would want to see most.",9,"Aggregated data, summarized for locations",3
14,email,T-4_1,T-4,"What format of data delivery would suit your needs best? 

Pick all those that apply, and please rank your selection: 1 = would suit my needs best.",1,"Data downloads (for instance text or comma-delimited files, spreadsheets)",1
17,email,T-1_1,T-1,"Once this dashboard has been developed, how would you prefer to access it? (check all that apply)",1,Computer,NA
17,email,T-1_2,T-1,"Once this dashboard has been developed, how would you prefer to access it? (check all that apply)",2,Mobile phone,NA
17,email,T-2_1,T-2,"What type of information would you want to see on the dashboard? 

Pick all those that apply, and please rank your selection in order of interest: 1 = would want to see most.",1,Historical data (older than 1 year),1
17,email,T-2_2,T-2,"What type of information would you want to see on the dashboard? 

Pick all those that apply, and please rank your selection in order of interest: 1 = would want to see most.",2,Recent data (within the last year),2
17,email,T-2_3,T-2,"What type of information would you want to see on the dashboard? 

Pick all those that apply, and please rank your selection in order of interest: 1 = would want to see most.",3,Current data (within the last month),3
17,email,T-2_4,T-2,"What type of information would you want to see on the dashboard? 

Pick all those that apply, and please rank your selection in order of interest: 1 = would want to see most.",4,Current conditions (today),4
17,email,T-3_5,T-3,"What form of information would you want to see on the dashboard? 

Pick all those that apply, and please rank your selection in order of interest: 1 = would want to see most.",5,"Non-aggregated data (meaning: ""raw"" data, no summaries)",1
17,email,T-3_6,T-3,"What form of information would you want to see on the dashboard? 

Pick all those that apply, and please rank your selection in order of interest: 1 = would want to see most.",6,"Aggregated data, summarized for time periods",3
17,email,T-3_9,T-3,"What form of information would you want to see on the dashboard? 

Pick all those that apply, and please rank your selection in order of interest: 1 = would want to see most.",9,"Aggregated data, summarized for locations",2
17,email,T-4_1,T-4,"What format of data delivery would suit your needs best? 

Pick all those that apply, and please rank your selection: 1 = would suit my needs best.",1,"Data downloads (for instance text or comma-delimited files, spreadsheets)",1
17,email,T-4_2,T-4,"What format of data delivery would suit your needs best? 

Pick all those that apply, and please rank your selection: 1 = would suit my needs best.",2,Tables online,4
17,email,T-4_3,T-4,"What format of data delivery would suit your needs best? 

Pick all those that apply, and please rank your selection: 1 = would suit my needs best.",3,Figures or plots,2
17,email,T-4_4,T-4,"What format of data delivery would suit your needs best? 

Pick all those that apply, and please rank your selection: 1 = would suit my needs best.",4,Maps,3
7,email,T-1_1,T-1,"Once this dashboard has been developed, how would you prefer to access it? (check all that apply)",1,Computer,NA
7,email,T-1_2,T-1,"Once this dashboard has been developed, how would you prefer to access it? (check all that apply)",2,Mobile phone,NA
7,email,T-2_2,T-2,"What type of information would you want to see on the dashboard? 

Pick all those that apply, and please rank your selection in order of interest: 1 = would want to see most.",2,Recent data (within the last year),2
7,email,T-2_4,T-2,"What type of information would you want to see on the dashboard? 

Pick all those that apply, and please rank your selection in order of interest: 1 = would want to see most.",4,Current conditions (today),1
7,email,T-3_7,T-3,"What form of information would you want to see on the dashboard? 

Pick all those that apply, and please rank your selection in order of interest: 1 = would want to see most.",7,Not sure,1
7,email,T-4_1,T-4,"What format of data delivery would suit your needs best? 

Pick all those that apply, and please rank your selection: 1 = would suit my needs best.",1,"Data downloads (for instance text or comma-delimited files, spreadsheets)",1
7,email,T-4_3,T-4,"What format of data delivery would suit your needs best? 

Pick all those that apply, and please rank your selection: 1 = would suit my needs best.",3,Figures or plots,2
34,email,T-1_1,T-1,"Once this dashboard has been developed, how would you prefer to access it? (check all that apply)",1,Computer,NA
34,email,T-1_2,T-1,"Once this dashboard has been developed, how would you prefer to access it? (check all that apply)",2,Mobile phone,NA
34,email,T-2_1,T-2,"What type of information would you want to see on the dashboard? 

Pick all those that apply, and please rank your selection in order of interest: 1 = would want to see most.",1,Historical data (older than 1 year),5
34,email,T-2_2,T-2,"What type of information would you want to see on the dashboard? 

Pick all those that apply, and please rank your selection in order of interest: 1 = would want to see most.",2,Recent data (within the last year),3
34,email,T-2_3,T-2,"What type of information would you want to see on the dashboard? 

Pick all those that apply, and please rank your selection in order of interest: 1 = would want to see most.",3,Current data (within the last month),1
34,email,T-2_4,T-2,"What type of information would you want to see on the dashboard? 

Pick all those that apply, and please rank your selection in order of interest: 1 = would want to see most.",4,Current conditions (today),2
34,email,T-2_8,T-2,"What type of information would you want to see on the dashboard? 

Pick all those that apply, and please rank your selection in order of interest: 1 = would want to see most.",8,Other (please specify),4
34,email,T-3_5,T-3,"What form of information would you want to see on the dashboard? 

Pick all those that apply, and please rank your selection in order of interest: 1 = would want to see most.",5,"Non-aggregated data (meaning: ""raw"" data, no summaries)",1
34,email,T-3_6,T-3,"What form of information would you want to see on the dashboard? 

Pick all those that apply, and please rank your selection in order of interest: 1 = would want to see most.",6,"Aggregated data, summarized for time periods",2
34,email,T-3_9,T-3,"What form of information would you want to see on the dashboard? 

Pick all those that apply, and please rank your selection in order of interest: 1 = would want to see most.",9,"Aggregated data, summarized for locations",3
34,email,T-4_1,T-4,"What format of data delivery would suit your needs best? 

Pick all those that apply, and please rank your selection: 1 = would suit my needs best.",1,"Data downloads (for instance text or comma-delimited files, spreadsheets)",1
34,email,T-4_3,T-4,"What format of data delivery would suit your needs best? 

Pick all those that apply, and please rank your selection: 1 = would suit my needs best.",3,Figures or plots,3
34,email,T-4_4,T-4,"What format of data delivery would suit your needs best? 

Pick all those that apply, and please rank your selection: 1 = would suit my needs best.",4,Maps,2
25,email,T-1_1,T-1,"Once this dashboard has been developed, how would you prefer to access it? (check all that apply)",1,Computer,NA
25,email,T-2_1,T-2,"What type of information would you want to see on the dashboard? 

Pick all those that apply, and please rank your selection in order of interest: 1 = would want to see most.",1,Historical data (older than 1 year),2
25,email,T-2_2,T-2,"What type of information would you want to see on the dashboard? 

Pick all those that apply, and please rank your selection in order of interest: 1 = would want to see most.",2,Recent data (within the last year),4
25,email,T-2_3,T-2,"What type of information would you want to see on the dashboard? 

Pick all those that apply, and please rank your selection in order of interest: 1 = would want to see most.",3,Current data (within the last month),3
25,email,T-2_4,T-2,"What type of information would you want to see on the dashboard? 

Pick all those that apply, and please rank your selection in order of interest: 1 = would want to see most.",4,Current conditions (today),1
25,email,T-3_5,T-3,"What form of information would you want to see on the dashboard? 

Pick all those that apply, and please rank your selection in order of interest: 1 = would want to see most.",5,"Non-aggregated data (meaning: ""raw"" data, no summaries)",3
25,email,T-3_6,T-3,"What form of information would you want to see on the dashboard? 

Pick all those that apply, and please rank your selection in order of interest: 1 = would want to see most.",6,"Aggregated data, summarized for time periods",2
25,email,T-3_9,T-3,"What form of information would you want to see on the dashboard? 

Pick all those that apply, and please rank your selection in order of interest: 1 = would want to see most.",9,"Aggregated data, summarized for locations",1
25,email,T-4_1,T-4,"What format of data delivery would suit your needs best? 

Pick all those that apply, and please rank your selection: 1 = would suit my needs best.",1,"Data downloads (for instance text or comma-delimited files, spreadsheets)",3
25,email,T-4_2,T-4,"What format of data delivery would suit your needs best? 

Pick all those that apply, and please rank your selection: 1 = would suit my needs best.",2,Tables online,2
25,email,T-4_3,T-4,"What format of data delivery would suit your needs best? 

Pick all those that apply, and please rank your selection: 1 = would suit my needs best.",3,Figures or plots,4
25,email,T-4_4,T-4,"What format of data delivery would suit your needs best? 

Pick all those that apply, and please rank your selection: 1 = would suit my needs best.",4,Maps,1
10,email,T-1_1,T-1,"Once this dashboard has been developed, how would you prefer to access it? (check all that apply)",1,Computer,NA
10,email,T-2_1,T-2,"What type of information would you want to see on the dashboard? 

Pick all those that apply, and please rank your selection in order of interest: 1 = would want to see most.",1,Historical data (older than 1 year),1
10,email,T-2_2,T-2,"What type of information would you want to see on the dashboard? 

Pick all those that apply, and please rank your selection in order of interest: 1 = would want to see most.",2,Recent data (within the last year),2
10,email,T-3_5,T-3,"What form of information would you want to see on the dashboard? 

Pick all those that apply, and please rank your selection in order of interest: 1 = would want to see most.",5,"Non-aggregated data (meaning: ""raw"" data, no summaries)",3
10,email,T-3_6,T-3,"What form of information would you want to see on the dashboard? 

Pick all those that apply, and please rank your selection in order of interest: 1 = would want to see most.",6,"Aggregated data, summarized for time periods",1
10,email,T-3_9,T-3,"What form of information would you want to see on the dashboard? 

Pick all those that apply, and please rank your selection in order of interest: 1 = would want to see most.",9,"Aggregated data, summarized for locations",2
10,email,T-4_1,T-4,"What format of data delivery would suit your needs best? 

Pick all those that apply, and please rank your selection: 1 = would suit my needs best.",1,"Data downloads (for instance text or comma-delimited files, spreadsheets)",1
10,email,T-4_3,T-4,"What format of data delivery would suit your needs best? 

Pick all those that apply, and please rank your selection: 1 = would suit my needs best.",3,Figures or plots,2
10,email,T-4_4,T-4,"What format of data delivery would suit your needs best? 

Pick all those that apply, and please rank your selection: 1 = would suit my needs best.",4,Maps,3
35,email,T-1_1,T-1,"Once this dashboard has been developed, how would you prefer to access it? (check all that apply)",1,Computer,NA
35,email,T-1_2,T-1,"Once this dashboard has been developed, how would you prefer to access it? (check all that apply)",2,Mobile phone,NA
35,email,T-2_3,T-2,"What type of information would you want to see on the dashboard? 

Pick all those that apply, and please rank your selection in order of interest: 1 = would want to see most.",3,Current data (within the last month),1
35,email,T-3_9,T-3,"What form of information would you want to see on the dashboard? 

Pick all those that apply, and please rank your selection in order of interest: 1 = would want to see most.",9,"Aggregated data, summarized for locations",1
35,email,T-4_2,T-4,"What format of data delivery would suit your needs best? 

Pick all those that apply, and please rank your selection: 1 = would suit my needs best.",2,Tables online,1
9,email,T-1_1,T-1,"Once this dashboard has been developed, how would you prefer to access it? (check all that apply)",1,Computer,NA
9,email,T-2_1,T-2,"What type of information would you want to see on the dashboard? 

Pick all those that apply, and please rank your selection in order of interest: 1 = would want to see most.",1,Historical data (older than 1 year),1
9,email,T-2_2,T-2,"What type of information would you want to see on the dashboard? 

Pick all those that apply, and please rank your selection in order of interest: 1 = would want to see most.",2,Recent data (within the last year),2
9,email,T-2_3,T-2,"What type of information would you want to see on the dashboard? 

Pick all those that apply, and please rank your selection in order of interest: 1 = would want to see most.",3,Current data (within the last month),3
9,email,T-3_6,T-3,"What form of information would you want to see on the dashboard? 

Pick all those that apply, and please rank your selection in order of interest: 1 = would want to see most.",6,"Aggregated data, summarized for time periods",1
9,email,T-3_9,T-3,"What form of information would you want to see on the dashboard? 

Pick all those that apply, and please rank your selection in order of interest: 1 = would want to see most.",9,"Aggregated data, summarized for locations",2
9,email,T-4_1,T-4,"What format of data delivery would suit your needs best? 

Pick all those that apply, and please rank your selection: 1 = would suit my needs best.",1,"Data downloads (for instance text or comma-delimited files, spreadsheets)",1
9,email,T-4_2,T-4,"What format of data delivery would suit your needs best? 

Pick all those that apply, and please rank your selection: 1 = would suit my needs best.",2,Tables online,4
9,email,T-4_3,T-4,"What format of data delivery would suit your needs best? 

Pick all those that apply, and please rank your selection: 1 = would suit my needs best.",3,Figures or plots,2
9,email,T-4_4,T-4,"What format of data delivery would suit your needs best? 

Pick all those that apply, and please rank your selection: 1 = would suit my needs best.",4,Maps,3
1,email,T-1_1,T-1,"Once this dashboard has been developed, how would you prefer to access it? (check all that apply)",1,Computer,NA
1,email,T-2_1,T-2,"What type of information would you want to see on the dashboard? 

Pick all those that apply, and please rank your selection in order of interest: 1 = would want to see most.",1,Historical data (older than 1 year),1
1,email,T-2_2,T-2,"What type of information would you want to see on the dashboard? 

Pick all those that apply, and please rank your selection in order of interest: 1 = would want to see most.",2,Recent data (within the last year),2
1,email,T-2_3,T-2,"What type of information would you want to see on the dashboard? 

Pick all those that apply, and please rank your selection in order of interest: 1 = would want to see most.",3,Current data (within the last month),3
1,email,T-3_5,T-3,"What form of information would you want to see on the dashboard? 

Pick all those that apply, and please rank your selection in order of interest: 1 = would want to see most.",5,"Non-aggregated data (meaning: ""raw"" data, no summaries)",3
1,email,T-3_6,T-3,"What form of information would you want to see on the dashboard? 

Pick all those that apply, and please rank your selection in order of interest: 1 = would want to see most.",6,"Aggregated data, summarized for time periods",2
1,email,T-3_9,T-3,"What form of information would you want to see on the dashboard? 

Pick all those that apply, and please rank your selection in order of interest: 1 = would want to see most.",9,"Aggregated data, summarized for locations",1
1,email,T-4_1,T-4,"What format of data delivery would suit your needs best? 

Pick all those that apply, and please rank your selection: 1 = would suit my needs best.",1,"Data downloads (for instance text or comma-delimited files, spreadsheets)",1
1,email,T-4_2,T-4,"What format of data delivery would suit your needs best? 

Pick all those that apply, and please rank your selection: 1 = would suit my needs best.",2,Tables online,3
1,email,T-4_3,T-4,"What format of data delivery would suit your needs best? 

Pick all those that apply, and please rank your selection: 1 = would suit my needs best.",3,Figures or plots,4
1,email,T-4_4,T-4,"What format of data delivery would suit your needs best? 

Pick all those that apply, and please rank your selection: 1 = would suit my needs best.",4,Maps,2
13,email,T-1_1,T-1,"Once this dashboard has been developed, how would you prefer to access it? (check all that apply)",1,Computer,NA
13,email,T-1_2,T-1,"Once this dashboard has been developed, how would you prefer to access it? (check all that apply)",2,Mobile phone,NA
13,email,T-1_3,T-1,"Once this dashboard has been developed, how would you prefer to access it? (check all that apply)",3,Tablet,NA
13,email,T-2_1,T-2,"What type of information would you want to see on the dashboard? 

Pick all those that apply, and please rank your selection in order of interest: 1 = would want to see most.",1,Historical data (older than 1 year),4
13,email,T-2_2,T-2,"What type of information would you want to see on the dashboard? 

Pick all those that apply, and please rank your selection in order of interest: 1 = would want to see most.",2,Recent data (within the last year),2
13,email,T-2_3,T-2,"What type of information would you want to see on the dashboard? 

Pick all those that apply, and please rank your selection in order of interest: 1 = would want to see most.",3,Current data (within the last month),1
13,email,T-2_4,T-2,"What type of information would you want to see on the dashboard? 

Pick all those that apply, and please rank your selection in order of interest: 1 = would want to see most.",4,Current conditions (today),3
13,email,T-3_5,T-3,"What form of information would you want to see on the dashboard? 

Pick all those that apply, and please rank your selection in order of interest: 1 = would want to see most.",5,"Non-aggregated data (meaning: ""raw"" data, no summaries)",3
13,email,T-3_6,T-3,"What form of information would you want to see on the dashboard? 

Pick all those that apply, and please rank your selection in order of interest: 1 = would want to see most.",6,"Aggregated data, summarized for time periods",1
13,email,T-3_9,T-3,"What form of information would you want to see on the dashboard? 

Pick all those that apply, and please rank your selection in order of interest: 1 = would want to see most.",9,"Aggregated data, summarized for locations",2
13,email,T-4_1,T-4,"What format of data delivery would suit your needs best? 

Pick all those that apply, and please rank your selection: 1 = would suit my needs best.",1,"Data downloads (for instance text or comma-delimited files, spreadsheets)",4
13,email,T-4_2,T-4,"What format of data delivery would suit your needs best? 

Pick all those that apply, and please rank your selection: 1 = would suit my needs best.",2,Tables online,3
13,email,T-4_3,T-4,"What format of data delivery would suit your needs best? 

Pick all those that apply, and please rank your selection: 1 = would suit my needs best.",3,Figures or plots,1
13,email,T-4_4,T-4,"What format of data delivery would suit your needs best? 

Pick all those that apply, and please rank your selection: 1 = would suit my needs best.",4,Maps,2
21,email,T-1_2,T-1,"Once this dashboard has been developed, how would you prefer to access it? (check all that apply)",2,Mobile phone,NA
21,email,T-2_1,T-2,"What type of information would you want to see on the dashboard? 

Pick all those that apply, and please rank your selection in order of interest: 1 = would want to see most.",1,Historical data (older than 1 year),4
21,email,T-2_2,T-2,"What type of information would you want to see on the dashboard? 

Pick all those that apply, and please rank your selection in order of interest: 1 = would want to see most.",2,Recent data (within the last year),3
21,email,T-2_3,T-2,"What type of information would you want to see on the dashboard? 

Pick all those that apply, and please rank your selection in order of interest: 1 = would want to see most.",3,Current data (within the last month),2
21,email,T-2_4,T-2,"What type of information would you want to see on the dashboard? 

Pick all those that apply, and please rank your selection in order of interest: 1 = would want to see most.",4,Current conditions (today),1
21,email,T-3_5,T-3,"What form of information would you want to see on the dashboard? 

Pick all those that apply, and please rank your selection in order of interest: 1 = would want to see most.",5,"Non-aggregated data (meaning: ""raw"" data, no summaries)",3
21,email,T-3_6,T-3,"What form of information would you want to see on the dashboard? 

Pick all those that apply, and please rank your selection in order of interest: 1 = would want to see most.",6,"Aggregated data, summarized for time periods",1
21,email,T-3_9,T-3,"What form of information would you want to see on the dashboard? 

Pick all those that apply, and please rank your selection in order of interest: 1 = would want to see most.",9,"Aggregated data, summarized for locations",2
21,email,T-4_2,T-4,"What format of data delivery would suit your needs best? 

Pick all those that apply, and please rank your selection: 1 = would suit my needs best.",2,Tables online,3
21,email,T-4_3,T-4,"What format of data delivery would suit your needs best? 

Pick all those that apply, and please rank your selection: 1 = would suit my needs best.",3,Figures or plots,1
21,email,T-4_4,T-4,"What format of data delivery would suit your needs best? 

Pick all those that apply, and please rank your selection: 1 = would suit my needs best.",4,Maps,2
