ID,source,question,answer
10,socialmedia,YD-1_6,NA
10,socialmedia,YD-1_7,NA
10,socialmedia,YD-1_5,NA
10,socialmedia,YD-1_4,NA
10,socialmedia,YD-1_3,1
10,socialmedia,YD-1_2,1
10,socialmedia,YD-1_1,NA
10,socialmedia,YD-1_8,NA
10,socialmedia,YD-1_DO_6,7
10,socialmedia,YD-1_DO_7,4
10,socialmedia,YD-1_DO_5,8
10,socialmedia,YD-1_DO_4,3
10,socialmedia,YD-1_DO_3,2
10,socialmedia,YD-1_DO_2,1
10,socialmedia,YD-1_DO_1,6
10,socialmedia,YD-1_DO_8,5
10,socialmedia,1_YD-2,NA
10,socialmedia,1_YD-3_1,NA
10,socialmedia,1_YD-3_2,NA
10,socialmedia,1_YD-3_3,NA
10,socialmedia,1_YD-3_4,NA
10,socialmedia,1_YD-3_6,NA
10,socialmedia,1_YD-3_5,NA
10,socialmedia,1_YD-4_1,NA
10,socialmedia,1_YD-4_2,NA
10,socialmedia,1_YD-4_3,NA
10,socialmedia,1_YD-4_4,NA
10,socialmedia,1_YD-4_6,NA
10,socialmedia,1_YD-4_5,NA
10,socialmedia,1_YD-5,NA
10,socialmedia,1_YD-6_1,NA
10,socialmedia,1_YD-6_2,NA
10,socialmedia,1_YD-6_3,NA
10,socialmedia,1_YD-6_4,NA
10,socialmedia,1_YD-6_5,NA
10,socialmedia,1_YD-6_6,NA
10,socialmedia,1_YD-7,NA
10,socialmedia,2_YD-2,4
10,socialmedia,2_YD-3_1,1
10,socialmedia,2_YD-3_2,1
10,socialmedia,2_YD-3_3,1
10,socialmedia,2_YD-3_4,1
10,socialmedia,2_YD-3_6,NA
10,socialmedia,2_YD-3_5,NA
10,socialmedia,2_YD-4_1,NA
10,socialmedia,2_YD-4_2,NA
10,socialmedia,2_YD-4_3,NA
10,socialmedia,2_YD-4_4,NA
10,socialmedia,2_YD-4_6,1
10,socialmedia,2_YD-4_5,NA
10,socialmedia,2_YD-5,3
10,socialmedia,2_YD-6_1,1
10,socialmedia,2_YD-6_2,NA
10,socialmedia,2_YD-6_3,NA
10,socialmedia,2_YD-6_4,1
10,socialmedia,2_YD-6_5,1
10,socialmedia,2_YD-6_6,NA
10,socialmedia,2_YD-7,4
10,socialmedia,3_YD-2,4
10,socialmedia,3_YD-3_1,1
10,socialmedia,3_YD-3_2,1
10,socialmedia,3_YD-3_3,NA
10,socialmedia,3_YD-3_4,NA
10,socialmedia,3_YD-3_6,NA
10,socialmedia,3_YD-3_5,NA
10,socialmedia,3_YD-4_1,NA
10,socialmedia,3_YD-4_2,NA
10,socialmedia,3_YD-4_3,NA
10,socialmedia,3_YD-4_4,1
10,socialmedia,3_YD-4_6,NA
10,socialmedia,3_YD-4_5,NA
10,socialmedia,3_YD-5,5
10,socialmedia,3_YD-6_1,1
10,socialmedia,3_YD-6_2,NA
10,socialmedia,3_YD-6_3,NA
10,socialmedia,3_YD-6_4,1
10,socialmedia,3_YD-6_5,1
10,socialmedia,3_YD-6_6,NA
10,socialmedia,3_YD-7,3
10,socialmedia,4_YD-2,NA
10,socialmedia,4_YD-3_1,NA
10,socialmedia,4_YD-3_2,NA
10,socialmedia,4_YD-3_3,NA
10,socialmedia,4_YD-3_4,NA
10,socialmedia,4_YD-3_6,NA
10,socialmedia,4_YD-3_5,NA
10,socialmedia,4_YD-4_1,NA
10,socialmedia,4_YD-4_2,NA
10,socialmedia,4_YD-4_3,NA
10,socialmedia,4_YD-4_4,NA
10,socialmedia,4_YD-4_6,NA
10,socialmedia,4_YD-4_5,NA
10,socialmedia,4_YD-5,NA
10,socialmedia,4_YD-6_1,NA
10,socialmedia,4_YD-6_2,NA
10,socialmedia,4_YD-6_3,NA
10,socialmedia,4_YD-6_4,NA
10,socialmedia,4_YD-6_5,NA
10,socialmedia,4_YD-6_6,NA
10,socialmedia,4_YD-7,NA
10,socialmedia,5_YD-2,NA
10,socialmedia,5_YD-3_1,NA
10,socialmedia,5_YD-3_2,NA
10,socialmedia,5_YD-3_3,NA
10,socialmedia,5_YD-3_4,NA
10,socialmedia,5_YD-3_6,NA
10,socialmedia,5_YD-3_5,NA
10,socialmedia,5_YD-4_1,NA
10,socialmedia,5_YD-4_2,NA
10,socialmedia,5_YD-4_3,NA
10,socialmedia,5_YD-4_4,NA
10,socialmedia,5_YD-4_6,NA
10,socialmedia,5_YD-4_5,NA
10,socialmedia,5_YD-5,NA
10,socialmedia,5_YD-6_1,NA
10,socialmedia,5_YD-6_2,NA
10,socialmedia,5_YD-6_3,NA
10,socialmedia,5_YD-6_4,NA
10,socialmedia,5_YD-6_5,NA
10,socialmedia,5_YD-6_6,NA
10,socialmedia,5_YD-7,NA
10,socialmedia,6_YD-2,NA
10,socialmedia,6_YD-3_1,NA
10,socialmedia,6_YD-3_2,NA
10,socialmedia,6_YD-3_3,NA
10,socialmedia,6_YD-3_4,NA
10,socialmedia,6_YD-3_6,NA
10,socialmedia,6_YD-3_5,NA
10,socialmedia,6_YD-4_1,NA
10,socialmedia,6_YD-4_2,NA
10,socialmedia,6_YD-4_3,NA
10,socialmedia,6_YD-4_4,NA
10,socialmedia,6_YD-4_6,NA
10,socialmedia,6_YD-4_5,NA
10,socialmedia,6_YD-5,NA
10,socialmedia,6_YD-6_1,NA
10,socialmedia,6_YD-6_2,NA
10,socialmedia,6_YD-6_3,NA
10,socialmedia,6_YD-6_4,NA
10,socialmedia,6_YD-6_5,NA
10,socialmedia,6_YD-6_6,NA
10,socialmedia,6_YD-7,NA
10,socialmedia,7_YD-2,NA
10,socialmedia,7_YD-3_1,NA
10,socialmedia,7_YD-3_2,NA
10,socialmedia,7_YD-3_3,NA
10,socialmedia,7_YD-3_4,NA
10,socialmedia,7_YD-3_6,NA
10,socialmedia,7_YD-3_5,NA
10,socialmedia,7_YD-4_1,NA
10,socialmedia,7_YD-4_2,NA
10,socialmedia,7_YD-4_3,NA
10,socialmedia,7_YD-4_4,NA
10,socialmedia,7_YD-4_6,NA
10,socialmedia,7_YD-4_5,NA
10,socialmedia,7_YD-5,NA
10,socialmedia,7_YD-6_1,NA
10,socialmedia,7_YD-6_2,NA
10,socialmedia,7_YD-6_3,NA
10,socialmedia,7_YD-6_4,NA
10,socialmedia,7_YD-6_5,NA
10,socialmedia,7_YD-6_6,NA
10,socialmedia,7_YD-7,NA
10,socialmedia,8_YD-2,NA
10,socialmedia,8_YD-3_1,NA
10,socialmedia,8_YD-3_2,NA
10,socialmedia,8_YD-3_3,NA
10,socialmedia,8_YD-3_4,NA
10,socialmedia,8_YD-3_6,NA
10,socialmedia,8_YD-3_5,NA
10,socialmedia,8_YD-4_1,NA
10,socialmedia,8_YD-4_2,NA
10,socialmedia,8_YD-4_3,NA
10,socialmedia,8_YD-4_4,NA
10,socialmedia,8_YD-4_6,NA
10,socialmedia,8_YD-4_5,NA
10,socialmedia,8_YD-5,NA
10,socialmedia,8_YD-6_1,NA
10,socialmedia,8_YD-6_2,NA
10,socialmedia,8_YD-6_3,NA
10,socialmedia,8_YD-6_4,NA
10,socialmedia,8_YD-6_5,NA
10,socialmedia,8_YD-6_6,NA
10,socialmedia,8_YD-7,NA
7,socialmedia,YD-1_6,1
7,socialmedia,YD-1_7,1
7,socialmedia,YD-1_5,1
7,socialmedia,YD-1_4,1
7,socialmedia,YD-1_3,1
7,socialmedia,YD-1_2,1
7,socialmedia,YD-1_1,1
7,socialmedia,YD-1_8,NA
7,socialmedia,YD-1_DO_6,5
7,socialmedia,YD-1_DO_7,4
7,socialmedia,YD-1_DO_5,6
7,socialmedia,YD-1_DO_4,3
7,socialmedia,YD-1_DO_3,8
7,socialmedia,YD-1_DO_2,1
7,socialmedia,YD-1_DO_1,7
7,socialmedia,YD-1_DO_8,2
7,socialmedia,1_YD-2,4
7,socialmedia,1_YD-3_1,1
7,socialmedia,1_YD-3_2,NA
7,socialmedia,1_YD-3_3,NA
7,socialmedia,1_YD-3_4,NA
7,socialmedia,1_YD-3_6,NA
7,socialmedia,1_YD-3_5,NA
7,socialmedia,1_YD-4_1,NA
7,socialmedia,1_YD-4_2,NA
7,socialmedia,1_YD-4_3,NA
7,socialmedia,1_YD-4_4,NA
7,socialmedia,1_YD-4_6,1
7,socialmedia,1_YD-4_5,NA
7,socialmedia,1_YD-5,1
7,socialmedia,1_YD-6_1,NA
7,socialmedia,1_YD-6_2,1
7,socialmedia,1_YD-6_3,1
7,socialmedia,1_YD-6_4,NA
7,socialmedia,1_YD-6_5,NA
7,socialmedia,1_YD-6_6,NA
7,socialmedia,1_YD-7,4
7,socialmedia,2_YD-2,1
7,socialmedia,2_YD-3_1,1
7,socialmedia,2_YD-3_2,NA
7,socialmedia,2_YD-3_3,NA
7,socialmedia,2_YD-3_4,NA
7,socialmedia,2_YD-3_6,NA
7,socialmedia,2_YD-3_5,NA
7,socialmedia,2_YD-4_1,NA
7,socialmedia,2_YD-4_2,NA
7,socialmedia,2_YD-4_3,1
7,socialmedia,2_YD-4_4,NA
7,socialmedia,2_YD-4_6,NA
7,socialmedia,2_YD-4_5,NA
7,socialmedia,2_YD-5,4
7,socialmedia,2_YD-6_1,NA
7,socialmedia,2_YD-6_2,1
7,socialmedia,2_YD-6_3,1
7,socialmedia,2_YD-6_4,NA
7,socialmedia,2_YD-6_5,NA
7,socialmedia,2_YD-6_6,NA
7,socialmedia,2_YD-7,4
7,socialmedia,3_YD-2,1
7,socialmedia,3_YD-3_1,1
7,socialmedia,3_YD-3_2,NA
7,socialmedia,3_YD-3_3,NA
7,socialmedia,3_YD-3_4,NA
7,socialmedia,3_YD-3_6,NA
7,socialmedia,3_YD-3_5,NA
7,socialmedia,3_YD-4_1,NA
7,socialmedia,3_YD-4_2,NA
7,socialmedia,3_YD-4_3,1
7,socialmedia,3_YD-4_4,NA
7,socialmedia,3_YD-4_6,NA
7,socialmedia,3_YD-4_5,NA
7,socialmedia,3_YD-5,1
7,socialmedia,3_YD-6_1,NA
7,socialmedia,3_YD-6_2,1
7,socialmedia,3_YD-6_3,1
7,socialmedia,3_YD-6_4,NA
7,socialmedia,3_YD-6_5,NA
7,socialmedia,3_YD-6_6,NA
7,socialmedia,3_YD-7,4
7,socialmedia,4_YD-2,2
7,socialmedia,4_YD-3_1,1
7,socialmedia,4_YD-3_2,NA
7,socialmedia,4_YD-3_3,NA
7,socialmedia,4_YD-3_4,NA
7,socialmedia,4_YD-3_6,NA
7,socialmedia,4_YD-3_5,NA
7,socialmedia,4_YD-4_1,NA
7,socialmedia,4_YD-4_2,NA
7,socialmedia,4_YD-4_3,NA
7,socialmedia,4_YD-4_4,NA
7,socialmedia,4_YD-4_6,1
7,socialmedia,4_YD-4_5,NA
7,socialmedia,4_YD-5,1
7,socialmedia,4_YD-6_1,NA
7,socialmedia,4_YD-6_2,1
7,socialmedia,4_YD-6_3,1
7,socialmedia,4_YD-6_4,NA
7,socialmedia,4_YD-6_5,NA
7,socialmedia,4_YD-6_6,NA
7,socialmedia,4_YD-7,5
7,socialmedia,5_YD-2,1
7,socialmedia,5_YD-3_1,1
7,socialmedia,5_YD-3_2,NA
7,socialmedia,5_YD-3_3,NA
7,socialmedia,5_YD-3_4,NA
7,socialmedia,5_YD-3_6,NA
7,socialmedia,5_YD-3_5,NA
7,socialmedia,5_YD-4_1,NA
7,socialmedia,5_YD-4_2,NA
7,socialmedia,5_YD-4_3,1
7,socialmedia,5_YD-4_4,NA
7,socialmedia,5_YD-4_6,NA
7,socialmedia,5_YD-4_5,NA
7,socialmedia,5_YD-5,3
7,socialmedia,5_YD-6_1,NA
7,socialmedia,5_YD-6_2,1
7,socialmedia,5_YD-6_3,1
7,socialmedia,5_YD-6_4,NA
7,socialmedia,5_YD-6_5,NA
7,socialmedia,5_YD-6_6,NA
7,socialmedia,5_YD-7,4
7,socialmedia,6_YD-2,1
7,socialmedia,6_YD-3_1,1
7,socialmedia,6_YD-3_2,NA
7,socialmedia,6_YD-3_3,NA
7,socialmedia,6_YD-3_4,NA
7,socialmedia,6_YD-3_6,NA
7,socialmedia,6_YD-3_5,NA
7,socialmedia,6_YD-4_1,NA
7,socialmedia,6_YD-4_2,NA
7,socialmedia,6_YD-4_3,1
7,socialmedia,6_YD-4_4,NA
7,socialmedia,6_YD-4_6,NA
7,socialmedia,6_YD-4_5,NA
7,socialmedia,6_YD-5,3
7,socialmedia,6_YD-6_1,NA
7,socialmedia,6_YD-6_2,1
7,socialmedia,6_YD-6_3,1
7,socialmedia,6_YD-6_4,NA
7,socialmedia,6_YD-6_5,NA
7,socialmedia,6_YD-6_6,NA
7,socialmedia,6_YD-7,4
7,socialmedia,7_YD-2,1
7,socialmedia,7_YD-3_1,1
7,socialmedia,7_YD-3_2,NA
7,socialmedia,7_YD-3_3,NA
7,socialmedia,7_YD-3_4,NA
7,socialmedia,7_YD-3_6,NA
7,socialmedia,7_YD-3_5,NA
7,socialmedia,7_YD-4_1,NA
7,socialmedia,7_YD-4_2,NA
7,socialmedia,7_YD-4_3,1
7,socialmedia,7_YD-4_4,NA
7,socialmedia,7_YD-4_6,NA
7,socialmedia,7_YD-4_5,NA
7,socialmedia,7_YD-5,1
7,socialmedia,7_YD-6_1,NA
7,socialmedia,7_YD-6_2,1
7,socialmedia,7_YD-6_3,1
7,socialmedia,7_YD-6_4,NA
7,socialmedia,7_YD-6_5,NA
7,socialmedia,7_YD-6_6,NA
7,socialmedia,7_YD-7,5
7,socialmedia,8_YD-2,NA
7,socialmedia,8_YD-3_1,NA
7,socialmedia,8_YD-3_2,NA
7,socialmedia,8_YD-3_3,NA
7,socialmedia,8_YD-3_4,NA
7,socialmedia,8_YD-3_6,NA
7,socialmedia,8_YD-3_5,NA
7,socialmedia,8_YD-4_1,NA
7,socialmedia,8_YD-4_2,NA
7,socialmedia,8_YD-4_3,NA
7,socialmedia,8_YD-4_4,NA
7,socialmedia,8_YD-4_6,NA
7,socialmedia,8_YD-4_5,NA
7,socialmedia,8_YD-5,NA
7,socialmedia,8_YD-6_1,NA
7,socialmedia,8_YD-6_2,NA
7,socialmedia,8_YD-6_3,NA
7,socialmedia,8_YD-6_4,NA
7,socialmedia,8_YD-6_5,NA
7,socialmedia,8_YD-6_6,NA
7,socialmedia,8_YD-7,NA
2,email,YD-1_6,NA
2,email,YD-1_7,NA
2,email,YD-1_5,1
2,email,YD-1_4,NA
2,email,YD-1_3,NA
2,email,YD-1_2,NA
2,email,YD-1_1,NA
2,email,YD-1_8,NA
2,email,YD-1_DO_6,8
2,email,YD-1_DO_7,1
2,email,YD-1_DO_5,5
2,email,YD-1_DO_4,3
2,email,YD-1_DO_3,4
2,email,YD-1_DO_2,7
2,email,YD-1_DO_1,2
2,email,YD-1_DO_8,6
2,email,1_YD-2,NA
2,email,1_YD-3_1,NA
2,email,1_YD-3_2,NA
2,email,1_YD-3_3,NA
2,email,1_YD-3_4,NA
2,email,1_YD-3_6,NA
2,email,1_YD-3_5,NA
2,email,1_YD-4_1,NA
2,email,1_YD-4_2,NA
2,email,1_YD-4_3,NA
2,email,1_YD-4_4,NA
2,email,1_YD-4_6,NA
2,email,1_YD-4_5,NA
2,email,1_YD-5,NA
2,email,1_YD-6_1,NA
2,email,1_YD-6_2,NA
2,email,1_YD-6_3,NA
2,email,1_YD-6_4,NA
2,email,1_YD-6_5,NA
2,email,1_YD-6_6,NA
2,email,1_YD-7,NA
2,email,2_YD-2,NA
2,email,2_YD-3_1,NA
2,email,2_YD-3_2,NA
2,email,2_YD-3_3,NA
2,email,2_YD-3_4,NA
2,email,2_YD-3_6,NA
2,email,2_YD-3_5,NA
2,email,2_YD-4_1,NA
2,email,2_YD-4_2,NA
2,email,2_YD-4_3,NA
2,email,2_YD-4_4,NA
2,email,2_YD-4_6,NA
2,email,2_YD-4_5,NA
2,email,2_YD-5,NA
2,email,2_YD-6_1,NA
2,email,2_YD-6_2,NA
2,email,2_YD-6_3,NA
2,email,2_YD-6_4,NA
2,email,2_YD-6_5,NA
2,email,2_YD-6_6,NA
2,email,2_YD-7,NA
2,email,3_YD-2,NA
2,email,3_YD-3_1,NA
2,email,3_YD-3_2,NA
2,email,3_YD-3_3,NA
2,email,3_YD-3_4,NA
2,email,3_YD-3_6,NA
2,email,3_YD-3_5,NA
2,email,3_YD-4_1,NA
2,email,3_YD-4_2,NA
2,email,3_YD-4_3,NA
2,email,3_YD-4_4,NA
2,email,3_YD-4_6,NA
2,email,3_YD-4_5,NA
2,email,3_YD-5,NA
2,email,3_YD-6_1,NA
2,email,3_YD-6_2,NA
2,email,3_YD-6_3,NA
2,email,3_YD-6_4,NA
2,email,3_YD-6_5,NA
2,email,3_YD-6_6,NA
2,email,3_YD-7,NA
2,email,4_YD-2,NA
2,email,4_YD-3_1,NA
2,email,4_YD-3_2,NA
2,email,4_YD-3_3,NA
2,email,4_YD-3_4,NA
2,email,4_YD-3_6,NA
2,email,4_YD-3_5,NA
2,email,4_YD-4_1,NA
2,email,4_YD-4_2,NA
2,email,4_YD-4_3,NA
2,email,4_YD-4_4,NA
2,email,4_YD-4_6,NA
2,email,4_YD-4_5,NA
2,email,4_YD-5,NA
2,email,4_YD-6_1,NA
2,email,4_YD-6_2,NA
2,email,4_YD-6_3,NA
2,email,4_YD-6_4,NA
2,email,4_YD-6_5,NA
2,email,4_YD-6_6,NA
2,email,4_YD-7,NA
2,email,5_YD-2,4
2,email,5_YD-3_1,1
2,email,5_YD-3_2,NA
2,email,5_YD-3_3,NA
2,email,5_YD-3_4,1
2,email,5_YD-3_6,NA
2,email,5_YD-3_5,NA
2,email,5_YD-4_1,NA
2,email,5_YD-4_2,NA
2,email,5_YD-4_3,NA
2,email,5_YD-4_4,NA
2,email,5_YD-4_6,1
2,email,5_YD-4_5,NA
2,email,5_YD-5,3
2,email,5_YD-6_1,NA
2,email,5_YD-6_2,NA
2,email,5_YD-6_3,NA
2,email,5_YD-6_4,NA
2,email,5_YD-6_5,1
2,email,5_YD-6_6,1
2,email,5_YD-7,4
2,email,6_YD-2,NA
2,email,6_YD-3_1,NA
2,email,6_YD-3_2,NA
2,email,6_YD-3_3,NA
2,email,6_YD-3_4,NA
2,email,6_YD-3_6,NA
2,email,6_YD-3_5,NA
2,email,6_YD-4_1,NA
2,email,6_YD-4_2,NA
2,email,6_YD-4_3,NA
2,email,6_YD-4_4,NA
2,email,6_YD-4_6,NA
2,email,6_YD-4_5,NA
2,email,6_YD-5,NA
2,email,6_YD-6_1,NA
2,email,6_YD-6_2,NA
2,email,6_YD-6_3,NA
2,email,6_YD-6_4,NA
2,email,6_YD-6_5,NA
2,email,6_YD-6_6,NA
2,email,6_YD-7,NA
2,email,7_YD-2,NA
2,email,7_YD-3_1,NA
2,email,7_YD-3_2,NA
2,email,7_YD-3_3,NA
2,email,7_YD-3_4,NA
2,email,7_YD-3_6,NA
2,email,7_YD-3_5,NA
2,email,7_YD-4_1,NA
2,email,7_YD-4_2,NA
2,email,7_YD-4_3,NA
2,email,7_YD-4_4,NA
2,email,7_YD-4_6,NA
2,email,7_YD-4_5,NA
2,email,7_YD-5,NA
2,email,7_YD-6_1,NA
2,email,7_YD-6_2,NA
2,email,7_YD-6_3,NA
2,email,7_YD-6_4,NA
2,email,7_YD-6_5,NA
2,email,7_YD-6_6,NA
2,email,7_YD-7,NA
2,email,8_YD-2,NA
2,email,8_YD-3_1,NA
2,email,8_YD-3_2,NA
2,email,8_YD-3_3,NA
2,email,8_YD-3_4,NA
2,email,8_YD-3_6,NA
2,email,8_YD-3_5,NA
2,email,8_YD-4_1,NA
2,email,8_YD-4_2,NA
2,email,8_YD-4_3,NA
2,email,8_YD-4_4,NA
2,email,8_YD-4_6,NA
2,email,8_YD-4_5,NA
2,email,8_YD-5,NA
2,email,8_YD-6_1,NA
2,email,8_YD-6_2,NA
2,email,8_YD-6_3,NA
2,email,8_YD-6_4,NA
2,email,8_YD-6_5,NA
2,email,8_YD-6_6,NA
2,email,8_YD-7,NA
15,email,YD-1_6,NA
15,email,YD-1_7,NA
15,email,YD-1_5,1
15,email,YD-1_4,1
15,email,YD-1_3,NA
15,email,YD-1_2,1
15,email,YD-1_1,NA
15,email,YD-1_8,NA
15,email,YD-1_DO_6,5
15,email,YD-1_DO_7,3
15,email,YD-1_DO_5,6
15,email,YD-1_DO_4,8
15,email,YD-1_DO_3,7
15,email,YD-1_DO_2,4
15,email,YD-1_DO_1,1
15,email,YD-1_DO_8,2
15,email,1_YD-2,NA
15,email,1_YD-3_1,NA
15,email,1_YD-3_2,NA
15,email,1_YD-3_3,NA
15,email,1_YD-3_4,NA
15,email,1_YD-3_6,NA
15,email,1_YD-3_5,NA
15,email,1_YD-4_1,NA
15,email,1_YD-4_2,NA
15,email,1_YD-4_3,NA
15,email,1_YD-4_4,NA
15,email,1_YD-4_6,NA
15,email,1_YD-4_5,NA
15,email,1_YD-5,NA
15,email,1_YD-6_1,NA
15,email,1_YD-6_2,NA
15,email,1_YD-6_3,NA
15,email,1_YD-6_4,NA
15,email,1_YD-6_5,NA
15,email,1_YD-6_6,NA
15,email,1_YD-7,NA
15,email,2_YD-2,1
15,email,2_YD-3_1,1
15,email,2_YD-3_2,1
15,email,2_YD-3_3,1
15,email,2_YD-3_4,NA
15,email,2_YD-3_6,NA
15,email,2_YD-3_5,NA
15,email,2_YD-4_1,NA
15,email,2_YD-4_2,NA
15,email,2_YD-4_3,NA
15,email,2_YD-4_4,NA
15,email,2_YD-4_6,1
15,email,2_YD-4_5,NA
15,email,2_YD-5,6
15,email,2_YD-6_1,NA
15,email,2_YD-6_2,NA
15,email,2_YD-6_3,1
15,email,2_YD-6_4,NA
15,email,2_YD-6_5,1
15,email,2_YD-6_6,NA
15,email,2_YD-7,4
15,email,3_YD-2,NA
15,email,3_YD-3_1,NA
15,email,3_YD-3_2,NA
15,email,3_YD-3_3,NA
15,email,3_YD-3_4,NA
15,email,3_YD-3_6,NA
15,email,3_YD-3_5,NA
15,email,3_YD-4_1,NA
15,email,3_YD-4_2,NA
15,email,3_YD-4_3,NA
15,email,3_YD-4_4,NA
15,email,3_YD-4_6,NA
15,email,3_YD-4_5,NA
15,email,3_YD-5,NA
15,email,3_YD-6_1,NA
15,email,3_YD-6_2,NA
15,email,3_YD-6_3,NA
15,email,3_YD-6_4,NA
15,email,3_YD-6_5,NA
15,email,3_YD-6_6,NA
15,email,3_YD-7,NA
15,email,4_YD-2,2
15,email,4_YD-3_1,1
15,email,4_YD-3_2,1
15,email,4_YD-3_3,1
15,email,4_YD-3_4,1
15,email,4_YD-3_6,NA
15,email,4_YD-3_5,NA
15,email,4_YD-4_1,NA
15,email,4_YD-4_2,NA
15,email,4_YD-4_3,NA
15,email,4_YD-4_4,NA
15,email,4_YD-4_6,1
15,email,4_YD-4_5,NA
15,email,4_YD-5,6
15,email,4_YD-6_1,NA
15,email,4_YD-6_2,NA
15,email,4_YD-6_3,NA
15,email,4_YD-6_4,NA
15,email,4_YD-6_5,NA
15,email,4_YD-6_6,1
15,email,4_YD-7,4
15,email,5_YD-2,1
15,email,5_YD-3_1,1
15,email,5_YD-3_2,1
15,email,5_YD-3_3,1
15,email,5_YD-3_4,NA
15,email,5_YD-3_6,NA
15,email,5_YD-3_5,NA
15,email,5_YD-4_1,NA
15,email,5_YD-4_2,NA
15,email,5_YD-4_3,NA
15,email,5_YD-4_4,NA
15,email,5_YD-4_6,1
15,email,5_YD-4_5,NA
15,email,5_YD-5,6
15,email,5_YD-6_1,NA
15,email,5_YD-6_2,NA
15,email,5_YD-6_3,1
15,email,5_YD-6_4,NA
15,email,5_YD-6_5,1
15,email,5_YD-6_6,NA
15,email,5_YD-7,4
15,email,6_YD-2,NA
15,email,6_YD-3_1,NA
15,email,6_YD-3_2,NA
15,email,6_YD-3_3,NA
15,email,6_YD-3_4,NA
15,email,6_YD-3_6,NA
15,email,6_YD-3_5,NA
15,email,6_YD-4_1,NA
15,email,6_YD-4_2,NA
15,email,6_YD-4_3,NA
15,email,6_YD-4_4,NA
15,email,6_YD-4_6,NA
15,email,6_YD-4_5,NA
15,email,6_YD-5,NA
15,email,6_YD-6_1,NA
15,email,6_YD-6_2,NA
15,email,6_YD-6_3,NA
15,email,6_YD-6_4,NA
15,email,6_YD-6_5,NA
15,email,6_YD-6_6,NA
15,email,6_YD-7,NA
15,email,7_YD-2,NA
15,email,7_YD-3_1,NA
15,email,7_YD-3_2,NA
15,email,7_YD-3_3,NA
15,email,7_YD-3_4,NA
15,email,7_YD-3_6,NA
15,email,7_YD-3_5,NA
15,email,7_YD-4_1,NA
15,email,7_YD-4_2,NA
15,email,7_YD-4_3,NA
15,email,7_YD-4_4,NA
15,email,7_YD-4_6,NA
15,email,7_YD-4_5,NA
15,email,7_YD-5,NA
15,email,7_YD-6_1,NA
15,email,7_YD-6_2,NA
15,email,7_YD-6_3,NA
15,email,7_YD-6_4,NA
15,email,7_YD-6_5,NA
15,email,7_YD-6_6,NA
15,email,7_YD-7,NA
15,email,8_YD-2,NA
15,email,8_YD-3_1,NA
15,email,8_YD-3_2,NA
15,email,8_YD-3_3,NA
15,email,8_YD-3_4,NA
15,email,8_YD-3_6,NA
15,email,8_YD-3_5,NA
15,email,8_YD-4_1,NA
15,email,8_YD-4_2,NA
15,email,8_YD-4_3,NA
15,email,8_YD-4_4,NA
15,email,8_YD-4_6,NA
15,email,8_YD-4_5,NA
15,email,8_YD-5,NA
15,email,8_YD-6_1,NA
15,email,8_YD-6_2,NA
15,email,8_YD-6_3,NA
15,email,8_YD-6_4,NA
15,email,8_YD-6_5,NA
15,email,8_YD-6_6,NA
15,email,8_YD-7,NA
18,email,YD-1_6,NA
18,email,YD-1_7,NA
18,email,YD-1_5,NA
18,email,YD-1_4,NA
18,email,YD-1_3,NA
18,email,YD-1_2,NA
18,email,YD-1_1,NA
18,email,YD-1_8,NA
18,email,YD-1_DO_6,NA
18,email,YD-1_DO_7,NA
18,email,YD-1_DO_5,NA
18,email,YD-1_DO_4,NA
18,email,YD-1_DO_3,NA
18,email,YD-1_DO_2,NA
18,email,YD-1_DO_1,NA
18,email,YD-1_DO_8,NA
18,email,1_YD-2,NA
18,email,1_YD-3_1,NA
18,email,1_YD-3_2,NA
18,email,1_YD-3_3,NA
18,email,1_YD-3_4,NA
18,email,1_YD-3_6,NA
18,email,1_YD-3_5,NA
18,email,1_YD-4_1,NA
18,email,1_YD-4_2,NA
18,email,1_YD-4_3,NA
18,email,1_YD-4_4,NA
18,email,1_YD-4_6,NA
18,email,1_YD-4_5,NA
18,email,1_YD-5,NA
18,email,1_YD-6_1,NA
18,email,1_YD-6_2,NA
18,email,1_YD-6_3,NA
18,email,1_YD-6_4,NA
18,email,1_YD-6_5,NA
18,email,1_YD-6_6,NA
18,email,1_YD-7,NA
18,email,2_YD-2,NA
18,email,2_YD-3_1,NA
18,email,2_YD-3_2,NA
18,email,2_YD-3_3,NA
18,email,2_YD-3_4,NA
18,email,2_YD-3_6,NA
18,email,2_YD-3_5,NA
18,email,2_YD-4_1,NA
18,email,2_YD-4_2,NA
18,email,2_YD-4_3,NA
18,email,2_YD-4_4,NA
18,email,2_YD-4_6,NA
18,email,2_YD-4_5,NA
18,email,2_YD-5,NA
18,email,2_YD-6_1,NA
18,email,2_YD-6_2,NA
18,email,2_YD-6_3,NA
18,email,2_YD-6_4,NA
18,email,2_YD-6_5,NA
18,email,2_YD-6_6,NA
18,email,2_YD-7,NA
18,email,3_YD-2,NA
18,email,3_YD-3_1,NA
18,email,3_YD-3_2,NA
18,email,3_YD-3_3,NA
18,email,3_YD-3_4,NA
18,email,3_YD-3_6,NA
18,email,3_YD-3_5,NA
18,email,3_YD-4_1,NA
18,email,3_YD-4_2,NA
18,email,3_YD-4_3,NA
18,email,3_YD-4_4,NA
18,email,3_YD-4_6,NA
18,email,3_YD-4_5,NA
18,email,3_YD-5,NA
18,email,3_YD-6_1,NA
18,email,3_YD-6_2,NA
18,email,3_YD-6_3,NA
18,email,3_YD-6_4,NA
18,email,3_YD-6_5,NA
18,email,3_YD-6_6,NA
18,email,3_YD-7,NA
18,email,4_YD-2,NA
18,email,4_YD-3_1,NA
18,email,4_YD-3_2,NA
18,email,4_YD-3_3,NA
18,email,4_YD-3_4,NA
18,email,4_YD-3_6,NA
18,email,4_YD-3_5,NA
18,email,4_YD-4_1,NA
18,email,4_YD-4_2,NA
18,email,4_YD-4_3,NA
18,email,4_YD-4_4,NA
18,email,4_YD-4_6,NA
18,email,4_YD-4_5,NA
18,email,4_YD-5,NA
18,email,4_YD-6_1,NA
18,email,4_YD-6_2,NA
18,email,4_YD-6_3,NA
18,email,4_YD-6_4,NA
18,email,4_YD-6_5,NA
18,email,4_YD-6_6,NA
18,email,4_YD-7,NA
18,email,5_YD-2,NA
18,email,5_YD-3_1,NA
18,email,5_YD-3_2,NA
18,email,5_YD-3_3,NA
18,email,5_YD-3_4,NA
18,email,5_YD-3_6,NA
18,email,5_YD-3_5,NA
18,email,5_YD-4_1,NA
18,email,5_YD-4_2,NA
18,email,5_YD-4_3,NA
18,email,5_YD-4_4,NA
18,email,5_YD-4_6,NA
18,email,5_YD-4_5,NA
18,email,5_YD-5,NA
18,email,5_YD-6_1,NA
18,email,5_YD-6_2,NA
18,email,5_YD-6_3,NA
18,email,5_YD-6_4,NA
18,email,5_YD-6_5,NA
18,email,5_YD-6_6,NA
18,email,5_YD-7,NA
18,email,6_YD-2,NA
18,email,6_YD-3_1,NA
18,email,6_YD-3_2,NA
18,email,6_YD-3_3,NA
18,email,6_YD-3_4,NA
18,email,6_YD-3_6,NA
18,email,6_YD-3_5,NA
18,email,6_YD-4_1,NA
18,email,6_YD-4_2,NA
18,email,6_YD-4_3,NA
18,email,6_YD-4_4,NA
18,email,6_YD-4_6,NA
18,email,6_YD-4_5,NA
18,email,6_YD-5,NA
18,email,6_YD-6_1,NA
18,email,6_YD-6_2,NA
18,email,6_YD-6_3,NA
18,email,6_YD-6_4,NA
18,email,6_YD-6_5,NA
18,email,6_YD-6_6,NA
18,email,6_YD-7,NA
18,email,7_YD-2,NA
18,email,7_YD-3_1,NA
18,email,7_YD-3_2,NA
18,email,7_YD-3_3,NA
18,email,7_YD-3_4,NA
18,email,7_YD-3_6,NA
18,email,7_YD-3_5,NA
18,email,7_YD-4_1,NA
18,email,7_YD-4_2,NA
18,email,7_YD-4_3,NA
18,email,7_YD-4_4,NA
18,email,7_YD-4_6,NA
18,email,7_YD-4_5,NA
18,email,7_YD-5,NA
18,email,7_YD-6_1,NA
18,email,7_YD-6_2,NA
18,email,7_YD-6_3,NA
18,email,7_YD-6_4,NA
18,email,7_YD-6_5,NA
18,email,7_YD-6_6,NA
18,email,7_YD-7,NA
18,email,8_YD-2,NA
18,email,8_YD-3_1,NA
18,email,8_YD-3_2,NA
18,email,8_YD-3_3,NA
18,email,8_YD-3_4,NA
18,email,8_YD-3_6,NA
18,email,8_YD-3_5,NA
18,email,8_YD-4_1,NA
18,email,8_YD-4_2,NA
18,email,8_YD-4_3,NA
18,email,8_YD-4_4,NA
18,email,8_YD-4_6,NA
18,email,8_YD-4_5,NA
18,email,8_YD-5,NA
18,email,8_YD-6_1,NA
18,email,8_YD-6_2,NA
18,email,8_YD-6_3,NA
18,email,8_YD-6_4,NA
18,email,8_YD-6_5,NA
18,email,8_YD-6_6,NA
18,email,8_YD-7,NA
6,email,YD-1_6,1
6,email,YD-1_7,NA
6,email,YD-1_5,1
6,email,YD-1_4,NA
6,email,YD-1_3,NA
6,email,YD-1_2,NA
6,email,YD-1_1,NA
6,email,YD-1_8,NA
6,email,YD-1_DO_6,5
6,email,YD-1_DO_7,8
6,email,YD-1_DO_5,6
6,email,YD-1_DO_4,3
6,email,YD-1_DO_3,2
6,email,YD-1_DO_2,1
6,email,YD-1_DO_1,7
6,email,YD-1_DO_8,4
6,email,1_YD-2,NA
6,email,1_YD-3_1,NA
6,email,1_YD-3_2,NA
6,email,1_YD-3_3,NA
6,email,1_YD-3_4,NA
6,email,1_YD-3_6,NA
6,email,1_YD-3_5,NA
6,email,1_YD-4_1,NA
6,email,1_YD-4_2,NA
6,email,1_YD-4_3,NA
6,email,1_YD-4_4,NA
6,email,1_YD-4_6,NA
6,email,1_YD-4_5,NA
6,email,1_YD-5,NA
6,email,1_YD-6_1,NA
6,email,1_YD-6_2,NA
6,email,1_YD-6_3,NA
6,email,1_YD-6_4,NA
6,email,1_YD-6_5,NA
6,email,1_YD-6_6,NA
6,email,1_YD-7,NA
6,email,2_YD-2,NA
6,email,2_YD-3_1,NA
6,email,2_YD-3_2,NA
6,email,2_YD-3_3,NA
6,email,2_YD-3_4,NA
6,email,2_YD-3_6,NA
6,email,2_YD-3_5,NA
6,email,2_YD-4_1,NA
6,email,2_YD-4_2,NA
6,email,2_YD-4_3,NA
6,email,2_YD-4_4,NA
6,email,2_YD-4_6,NA
6,email,2_YD-4_5,NA
6,email,2_YD-5,NA
6,email,2_YD-6_1,NA
6,email,2_YD-6_2,NA
6,email,2_YD-6_3,NA
6,email,2_YD-6_4,NA
6,email,2_YD-6_5,NA
6,email,2_YD-6_6,NA
6,email,2_YD-7,NA
6,email,3_YD-2,NA
6,email,3_YD-3_1,NA
6,email,3_YD-3_2,NA
6,email,3_YD-3_3,NA
6,email,3_YD-3_4,NA
6,email,3_YD-3_6,NA
6,email,3_YD-3_5,NA
6,email,3_YD-4_1,NA
6,email,3_YD-4_2,NA
6,email,3_YD-4_3,NA
6,email,3_YD-4_4,NA
6,email,3_YD-4_6,NA
6,email,3_YD-4_5,NA
6,email,3_YD-5,NA
6,email,3_YD-6_1,NA
6,email,3_YD-6_2,NA
6,email,3_YD-6_3,NA
6,email,3_YD-6_4,NA
6,email,3_YD-6_5,NA
6,email,3_YD-6_6,NA
6,email,3_YD-7,NA
6,email,4_YD-2,NA
6,email,4_YD-3_1,NA
6,email,4_YD-3_2,NA
6,email,4_YD-3_3,NA
6,email,4_YD-3_4,NA
6,email,4_YD-3_6,NA
6,email,4_YD-3_5,NA
6,email,4_YD-4_1,NA
6,email,4_YD-4_2,NA
6,email,4_YD-4_3,NA
6,email,4_YD-4_4,NA
6,email,4_YD-4_6,NA
6,email,4_YD-4_5,NA
6,email,4_YD-5,NA
6,email,4_YD-6_1,NA
6,email,4_YD-6_2,NA
6,email,4_YD-6_3,NA
6,email,4_YD-6_4,NA
6,email,4_YD-6_5,NA
6,email,4_YD-6_6,NA
6,email,4_YD-7,NA
6,email,5_YD-2,2
6,email,5_YD-3_1,1
6,email,5_YD-3_2,NA
6,email,5_YD-3_3,NA
6,email,5_YD-3_4,NA
6,email,5_YD-3_6,NA
6,email,5_YD-3_5,NA
6,email,5_YD-4_1,NA
6,email,5_YD-4_2,NA
6,email,5_YD-4_3,NA
6,email,5_YD-4_4,NA
6,email,5_YD-4_6,1
6,email,5_YD-4_5,NA
6,email,5_YD-5,1
6,email,5_YD-6_1,1
6,email,5_YD-6_2,NA
6,email,5_YD-6_3,NA
6,email,5_YD-6_4,NA
6,email,5_YD-6_5,NA
6,email,5_YD-6_6,NA
6,email,5_YD-7,4
6,email,6_YD-2,2
6,email,6_YD-3_1,1
6,email,6_YD-3_2,NA
6,email,6_YD-3_3,NA
6,email,6_YD-3_4,NA
6,email,6_YD-3_6,NA
6,email,6_YD-3_5,NA
6,email,6_YD-4_1,NA
6,email,6_YD-4_2,NA
6,email,6_YD-4_3,NA
6,email,6_YD-4_4,NA
6,email,6_YD-4_6,1
6,email,6_YD-4_5,NA
6,email,6_YD-5,1
6,email,6_YD-6_1,1
6,email,6_YD-6_2,NA
6,email,6_YD-6_3,NA
6,email,6_YD-6_4,NA
6,email,6_YD-6_5,1
6,email,6_YD-6_6,NA
6,email,6_YD-7,3
6,email,7_YD-2,NA
6,email,7_YD-3_1,NA
6,email,7_YD-3_2,NA
6,email,7_YD-3_3,NA
6,email,7_YD-3_4,NA
6,email,7_YD-3_6,NA
6,email,7_YD-3_5,NA
6,email,7_YD-4_1,NA
6,email,7_YD-4_2,NA
6,email,7_YD-4_3,NA
6,email,7_YD-4_4,NA
6,email,7_YD-4_6,NA
6,email,7_YD-4_5,NA
6,email,7_YD-5,NA
6,email,7_YD-6_1,NA
6,email,7_YD-6_2,NA
6,email,7_YD-6_3,NA
6,email,7_YD-6_4,NA
6,email,7_YD-6_5,NA
6,email,7_YD-6_6,NA
6,email,7_YD-7,NA
6,email,8_YD-2,NA
6,email,8_YD-3_1,NA
6,email,8_YD-3_2,NA
6,email,8_YD-3_3,NA
6,email,8_YD-3_4,NA
6,email,8_YD-3_6,NA
6,email,8_YD-3_5,NA
6,email,8_YD-4_1,NA
6,email,8_YD-4_2,NA
6,email,8_YD-4_3,NA
6,email,8_YD-4_4,NA
6,email,8_YD-4_6,NA
6,email,8_YD-4_5,NA
6,email,8_YD-5,NA
6,email,8_YD-6_1,NA
6,email,8_YD-6_2,NA
6,email,8_YD-6_3,NA
6,email,8_YD-6_4,NA
6,email,8_YD-6_5,NA
6,email,8_YD-6_6,NA
6,email,8_YD-7,NA
8,email,YD-1_6,NA
8,email,YD-1_7,NA
8,email,YD-1_5,NA
8,email,YD-1_4,NA
8,email,YD-1_3,NA
8,email,YD-1_2,NA
8,email,YD-1_1,NA
8,email,YD-1_8,NA
8,email,YD-1_DO_6,NA
8,email,YD-1_DO_7,NA
8,email,YD-1_DO_5,NA
8,email,YD-1_DO_4,NA
8,email,YD-1_DO_3,NA
8,email,YD-1_DO_2,NA
8,email,YD-1_DO_1,NA
8,email,YD-1_DO_8,NA
8,email,1_YD-2,NA
8,email,1_YD-3_1,NA
8,email,1_YD-3_2,NA
8,email,1_YD-3_3,NA
8,email,1_YD-3_4,NA
8,email,1_YD-3_6,NA
8,email,1_YD-3_5,NA
8,email,1_YD-4_1,NA
8,email,1_YD-4_2,NA
8,email,1_YD-4_3,NA
8,email,1_YD-4_4,NA
8,email,1_YD-4_6,NA
8,email,1_YD-4_5,NA
8,email,1_YD-5,NA
8,email,1_YD-6_1,NA
8,email,1_YD-6_2,NA
8,email,1_YD-6_3,NA
8,email,1_YD-6_4,NA
8,email,1_YD-6_5,NA
8,email,1_YD-6_6,NA
8,email,1_YD-7,NA
8,email,2_YD-2,NA
8,email,2_YD-3_1,NA
8,email,2_YD-3_2,NA
8,email,2_YD-3_3,NA
8,email,2_YD-3_4,NA
8,email,2_YD-3_6,NA
8,email,2_YD-3_5,NA
8,email,2_YD-4_1,NA
8,email,2_YD-4_2,NA
8,email,2_YD-4_3,NA
8,email,2_YD-4_4,NA
8,email,2_YD-4_6,NA
8,email,2_YD-4_5,NA
8,email,2_YD-5,NA
8,email,2_YD-6_1,NA
8,email,2_YD-6_2,NA
8,email,2_YD-6_3,NA
8,email,2_YD-6_4,NA
8,email,2_YD-6_5,NA
8,email,2_YD-6_6,NA
8,email,2_YD-7,NA
8,email,3_YD-2,NA
8,email,3_YD-3_1,NA
8,email,3_YD-3_2,NA
8,email,3_YD-3_3,NA
8,email,3_YD-3_4,NA
8,email,3_YD-3_6,NA
8,email,3_YD-3_5,NA
8,email,3_YD-4_1,NA
8,email,3_YD-4_2,NA
8,email,3_YD-4_3,NA
8,email,3_YD-4_4,NA
8,email,3_YD-4_6,NA
8,email,3_YD-4_5,NA
8,email,3_YD-5,NA
8,email,3_YD-6_1,NA
8,email,3_YD-6_2,NA
8,email,3_YD-6_3,NA
8,email,3_YD-6_4,NA
8,email,3_YD-6_5,NA
8,email,3_YD-6_6,NA
8,email,3_YD-7,NA
8,email,4_YD-2,NA
8,email,4_YD-3_1,NA
8,email,4_YD-3_2,NA
8,email,4_YD-3_3,NA
8,email,4_YD-3_4,NA
8,email,4_YD-3_6,NA
8,email,4_YD-3_5,NA
8,email,4_YD-4_1,NA
8,email,4_YD-4_2,NA
8,email,4_YD-4_3,NA
8,email,4_YD-4_4,NA
8,email,4_YD-4_6,NA
8,email,4_YD-4_5,NA
8,email,4_YD-5,NA
8,email,4_YD-6_1,NA
8,email,4_YD-6_2,NA
8,email,4_YD-6_3,NA
8,email,4_YD-6_4,NA
8,email,4_YD-6_5,NA
8,email,4_YD-6_6,NA
8,email,4_YD-7,NA
8,email,5_YD-2,NA
8,email,5_YD-3_1,NA
8,email,5_YD-3_2,NA
8,email,5_YD-3_3,NA
8,email,5_YD-3_4,NA
8,email,5_YD-3_6,NA
8,email,5_YD-3_5,NA
8,email,5_YD-4_1,NA
8,email,5_YD-4_2,NA
8,email,5_YD-4_3,NA
8,email,5_YD-4_4,NA
8,email,5_YD-4_6,NA
8,email,5_YD-4_5,NA
8,email,5_YD-5,NA
8,email,5_YD-6_1,NA
8,email,5_YD-6_2,NA
8,email,5_YD-6_3,NA
8,email,5_YD-6_4,NA
8,email,5_YD-6_5,NA
8,email,5_YD-6_6,NA
8,email,5_YD-7,NA
8,email,6_YD-2,NA
8,email,6_YD-3_1,NA
8,email,6_YD-3_2,NA
8,email,6_YD-3_3,NA
8,email,6_YD-3_4,NA
8,email,6_YD-3_6,NA
8,email,6_YD-3_5,NA
8,email,6_YD-4_1,NA
8,email,6_YD-4_2,NA
8,email,6_YD-4_3,NA
8,email,6_YD-4_4,NA
8,email,6_YD-4_6,NA
8,email,6_YD-4_5,NA
8,email,6_YD-5,NA
8,email,6_YD-6_1,NA
8,email,6_YD-6_2,NA
8,email,6_YD-6_3,NA
8,email,6_YD-6_4,NA
8,email,6_YD-6_5,NA
8,email,6_YD-6_6,NA
8,email,6_YD-7,NA
8,email,7_YD-2,NA
8,email,7_YD-3_1,NA
8,email,7_YD-3_2,NA
8,email,7_YD-3_3,NA
8,email,7_YD-3_4,NA
8,email,7_YD-3_6,NA
8,email,7_YD-3_5,NA
8,email,7_YD-4_1,NA
8,email,7_YD-4_2,NA
8,email,7_YD-4_3,NA
8,email,7_YD-4_4,NA
8,email,7_YD-4_6,NA
8,email,7_YD-4_5,NA
8,email,7_YD-5,NA
8,email,7_YD-6_1,NA
8,email,7_YD-6_2,NA
8,email,7_YD-6_3,NA
8,email,7_YD-6_4,NA
8,email,7_YD-6_5,NA
8,email,7_YD-6_6,NA
8,email,7_YD-7,NA
8,email,8_YD-2,NA
8,email,8_YD-3_1,NA
8,email,8_YD-3_2,NA
8,email,8_YD-3_3,NA
8,email,8_YD-3_4,NA
8,email,8_YD-3_6,NA
8,email,8_YD-3_5,NA
8,email,8_YD-4_1,NA
8,email,8_YD-4_2,NA
8,email,8_YD-4_3,NA
8,email,8_YD-4_4,NA
8,email,8_YD-4_6,NA
8,email,8_YD-4_5,NA
8,email,8_YD-5,NA
8,email,8_YD-6_1,NA
8,email,8_YD-6_2,NA
8,email,8_YD-6_3,NA
8,email,8_YD-6_4,NA
8,email,8_YD-6_5,NA
8,email,8_YD-6_6,NA
8,email,8_YD-7,NA
12,email,YD-1_6,1
12,email,YD-1_7,NA
12,email,YD-1_5,NA
12,email,YD-1_4,NA
12,email,YD-1_3,NA
12,email,YD-1_2,1
12,email,YD-1_1,1
12,email,YD-1_8,NA
12,email,YD-1_DO_6,5
12,email,YD-1_DO_7,6
12,email,YD-1_DO_5,2
12,email,YD-1_DO_4,4
12,email,YD-1_DO_3,1
12,email,YD-1_DO_2,7
12,email,YD-1_DO_1,8
12,email,YD-1_DO_8,3
12,email,1_YD-2,2
12,email,1_YD-3_1,NA
12,email,1_YD-3_2,NA
12,email,1_YD-3_3,NA
12,email,1_YD-3_4,NA
12,email,1_YD-3_6,1
12,email,1_YD-3_5,NA
12,email,1_YD-4_1,1
12,email,1_YD-4_2,NA
12,email,1_YD-4_3,NA
12,email,1_YD-4_4,NA
12,email,1_YD-4_6,NA
12,email,1_YD-4_5,NA
12,email,1_YD-5,6
12,email,1_YD-6_1,1
12,email,1_YD-6_2,NA
12,email,1_YD-6_3,NA
12,email,1_YD-6_4,NA
12,email,1_YD-6_5,NA
12,email,1_YD-6_6,NA
12,email,1_YD-7,2
12,email,2_YD-2,2
12,email,2_YD-3_1,1
12,email,2_YD-3_2,NA
12,email,2_YD-3_3,NA
12,email,2_YD-3_4,NA
12,email,2_YD-3_6,NA
12,email,2_YD-3_5,NA
12,email,2_YD-4_1,NA
12,email,2_YD-4_2,NA
12,email,2_YD-4_3,NA
12,email,2_YD-4_4,1
12,email,2_YD-4_6,NA
12,email,2_YD-4_5,1
12,email,2_YD-5,6
12,email,2_YD-6_1,1
12,email,2_YD-6_2,NA
12,email,2_YD-6_3,NA
12,email,2_YD-6_4,NA
12,email,2_YD-6_5,NA
12,email,2_YD-6_6,NA
12,email,2_YD-7,2
12,email,3_YD-2,NA
12,email,3_YD-3_1,NA
12,email,3_YD-3_2,NA
12,email,3_YD-3_3,NA
12,email,3_YD-3_4,NA
12,email,3_YD-3_6,NA
12,email,3_YD-3_5,NA
12,email,3_YD-4_1,NA
12,email,3_YD-4_2,NA
12,email,3_YD-4_3,NA
12,email,3_YD-4_4,NA
12,email,3_YD-4_6,NA
12,email,3_YD-4_5,NA
12,email,3_YD-5,NA
12,email,3_YD-6_1,NA
12,email,3_YD-6_2,NA
12,email,3_YD-6_3,NA
12,email,3_YD-6_4,NA
12,email,3_YD-6_5,NA
12,email,3_YD-6_6,NA
12,email,3_YD-7,NA
12,email,4_YD-2,NA
12,email,4_YD-3_1,NA
12,email,4_YD-3_2,NA
12,email,4_YD-3_3,NA
12,email,4_YD-3_4,NA
12,email,4_YD-3_6,NA
12,email,4_YD-3_5,NA
12,email,4_YD-4_1,NA
12,email,4_YD-4_2,NA
12,email,4_YD-4_3,NA
12,email,4_YD-4_4,NA
12,email,4_YD-4_6,NA
12,email,4_YD-4_5,NA
12,email,4_YD-5,NA
12,email,4_YD-6_1,NA
12,email,4_YD-6_2,NA
12,email,4_YD-6_3,NA
12,email,4_YD-6_4,NA
12,email,4_YD-6_5,NA
12,email,4_YD-6_6,NA
12,email,4_YD-7,NA
12,email,5_YD-2,NA
12,email,5_YD-3_1,NA
12,email,5_YD-3_2,NA
12,email,5_YD-3_3,NA
12,email,5_YD-3_4,NA
12,email,5_YD-3_6,NA
12,email,5_YD-3_5,NA
12,email,5_YD-4_1,NA
12,email,5_YD-4_2,NA
12,email,5_YD-4_3,NA
12,email,5_YD-4_4,NA
12,email,5_YD-4_6,NA
12,email,5_YD-4_5,NA
12,email,5_YD-5,NA
12,email,5_YD-6_1,NA
12,email,5_YD-6_2,NA
12,email,5_YD-6_3,NA
12,email,5_YD-6_4,NA
12,email,5_YD-6_5,NA
12,email,5_YD-6_6,NA
12,email,5_YD-7,NA
12,email,6_YD-2,2
12,email,6_YD-3_1,1
12,email,6_YD-3_2,1
12,email,6_YD-3_3,1
12,email,6_YD-3_4,1
12,email,6_YD-3_6,NA
12,email,6_YD-3_5,1
12,email,6_YD-4_1,1
12,email,6_YD-4_2,NA
12,email,6_YD-4_3,NA
12,email,6_YD-4_4,1
12,email,6_YD-4_6,NA
12,email,6_YD-4_5,NA
12,email,6_YD-5,5
12,email,6_YD-6_1,1
12,email,6_YD-6_2,1
12,email,6_YD-6_3,NA
12,email,6_YD-6_4,NA
12,email,6_YD-6_5,NA
12,email,6_YD-6_6,NA
12,email,6_YD-7,3
12,email,7_YD-2,NA
12,email,7_YD-3_1,NA
12,email,7_YD-3_2,NA
12,email,7_YD-3_3,NA
12,email,7_YD-3_4,NA
12,email,7_YD-3_6,NA
12,email,7_YD-3_5,NA
12,email,7_YD-4_1,NA
12,email,7_YD-4_2,NA
12,email,7_YD-4_3,NA
12,email,7_YD-4_4,NA
12,email,7_YD-4_6,NA
12,email,7_YD-4_5,NA
12,email,7_YD-5,NA
12,email,7_YD-6_1,NA
12,email,7_YD-6_2,NA
12,email,7_YD-6_3,NA
12,email,7_YD-6_4,NA
12,email,7_YD-6_5,NA
12,email,7_YD-6_6,NA
12,email,7_YD-7,NA
12,email,8_YD-2,NA
12,email,8_YD-3_1,NA
12,email,8_YD-3_2,NA
12,email,8_YD-3_3,NA
12,email,8_YD-3_4,NA
12,email,8_YD-3_6,NA
12,email,8_YD-3_5,NA
12,email,8_YD-4_1,NA
12,email,8_YD-4_2,NA
12,email,8_YD-4_3,NA
12,email,8_YD-4_4,NA
12,email,8_YD-4_6,NA
12,email,8_YD-4_5,NA
12,email,8_YD-5,NA
12,email,8_YD-6_1,NA
12,email,8_YD-6_2,NA
12,email,8_YD-6_3,NA
12,email,8_YD-6_4,NA
12,email,8_YD-6_5,NA
12,email,8_YD-6_6,NA
12,email,8_YD-7,NA
3,email,YD-1_6,NA
3,email,YD-1_7,NA
3,email,YD-1_5,NA
3,email,YD-1_4,NA
3,email,YD-1_3,NA
3,email,YD-1_2,1
3,email,YD-1_1,NA
3,email,YD-1_8,NA
3,email,YD-1_DO_6,7
3,email,YD-1_DO_7,1
3,email,YD-1_DO_5,2
3,email,YD-1_DO_4,6
3,email,YD-1_DO_3,5
3,email,YD-1_DO_2,3
3,email,YD-1_DO_1,8
3,email,YD-1_DO_8,4
3,email,1_YD-2,NA
3,email,1_YD-3_1,NA
3,email,1_YD-3_2,NA
3,email,1_YD-3_3,NA
3,email,1_YD-3_4,NA
3,email,1_YD-3_6,NA
3,email,1_YD-3_5,NA
3,email,1_YD-4_1,NA
3,email,1_YD-4_2,NA
3,email,1_YD-4_3,NA
3,email,1_YD-4_4,NA
3,email,1_YD-4_6,NA
3,email,1_YD-4_5,NA
3,email,1_YD-5,NA
3,email,1_YD-6_1,NA
3,email,1_YD-6_2,NA
3,email,1_YD-6_3,NA
3,email,1_YD-6_4,NA
3,email,1_YD-6_5,NA
3,email,1_YD-6_6,NA
3,email,1_YD-7,NA
3,email,2_YD-2,1
3,email,2_YD-3_1,NA
3,email,2_YD-3_2,NA
3,email,2_YD-3_3,1
3,email,2_YD-3_4,NA
3,email,2_YD-3_6,NA
3,email,2_YD-3_5,NA
3,email,2_YD-4_1,NA
3,email,2_YD-4_2,NA
3,email,2_YD-4_3,NA
3,email,2_YD-4_4,NA
3,email,2_YD-4_6,1
3,email,2_YD-4_5,NA
3,email,2_YD-5,7
3,email,2_YD-6_1,1
3,email,2_YD-6_2,NA
3,email,2_YD-6_3,NA
3,email,2_YD-6_4,NA
3,email,2_YD-6_5,NA
3,email,2_YD-6_6,NA
3,email,2_YD-7,3
3,email,3_YD-2,NA
3,email,3_YD-3_1,NA
3,email,3_YD-3_2,NA
3,email,3_YD-3_3,NA
3,email,3_YD-3_4,NA
3,email,3_YD-3_6,NA
3,email,3_YD-3_5,NA
3,email,3_YD-4_1,NA
3,email,3_YD-4_2,NA
3,email,3_YD-4_3,NA
3,email,3_YD-4_4,NA
3,email,3_YD-4_6,NA
3,email,3_YD-4_5,NA
3,email,3_YD-5,NA
3,email,3_YD-6_1,NA
3,email,3_YD-6_2,NA
3,email,3_YD-6_3,NA
3,email,3_YD-6_4,NA
3,email,3_YD-6_5,NA
3,email,3_YD-6_6,NA
3,email,3_YD-7,NA
3,email,4_YD-2,NA
3,email,4_YD-3_1,NA
3,email,4_YD-3_2,NA
3,email,4_YD-3_3,NA
3,email,4_YD-3_4,NA
3,email,4_YD-3_6,NA
3,email,4_YD-3_5,NA
3,email,4_YD-4_1,NA
3,email,4_YD-4_2,NA
3,email,4_YD-4_3,NA
3,email,4_YD-4_4,NA
3,email,4_YD-4_6,NA
3,email,4_YD-4_5,NA
3,email,4_YD-5,NA
3,email,4_YD-6_1,NA
3,email,4_YD-6_2,NA
3,email,4_YD-6_3,NA
3,email,4_YD-6_4,NA
3,email,4_YD-6_5,NA
3,email,4_YD-6_6,NA
3,email,4_YD-7,NA
3,email,5_YD-2,NA
3,email,5_YD-3_1,NA
3,email,5_YD-3_2,NA
3,email,5_YD-3_3,NA
3,email,5_YD-3_4,NA
3,email,5_YD-3_6,NA
3,email,5_YD-3_5,NA
3,email,5_YD-4_1,NA
3,email,5_YD-4_2,NA
3,email,5_YD-4_3,NA
3,email,5_YD-4_4,NA
3,email,5_YD-4_6,NA
3,email,5_YD-4_5,NA
3,email,5_YD-5,NA
3,email,5_YD-6_1,NA
3,email,5_YD-6_2,NA
3,email,5_YD-6_3,NA
3,email,5_YD-6_4,NA
3,email,5_YD-6_5,NA
3,email,5_YD-6_6,NA
3,email,5_YD-7,NA
3,email,6_YD-2,NA
3,email,6_YD-3_1,NA
3,email,6_YD-3_2,NA
3,email,6_YD-3_3,NA
3,email,6_YD-3_4,NA
3,email,6_YD-3_6,NA
3,email,6_YD-3_5,NA
3,email,6_YD-4_1,NA
3,email,6_YD-4_2,NA
3,email,6_YD-4_3,NA
3,email,6_YD-4_4,NA
3,email,6_YD-4_6,NA
3,email,6_YD-4_5,NA
3,email,6_YD-5,NA
3,email,6_YD-6_1,NA
3,email,6_YD-6_2,NA
3,email,6_YD-6_3,NA
3,email,6_YD-6_4,NA
3,email,6_YD-6_5,NA
3,email,6_YD-6_6,NA
3,email,6_YD-7,NA
3,email,7_YD-2,NA
3,email,7_YD-3_1,NA
3,email,7_YD-3_2,NA
3,email,7_YD-3_3,NA
3,email,7_YD-3_4,NA
3,email,7_YD-3_6,NA
3,email,7_YD-3_5,NA
3,email,7_YD-4_1,NA
3,email,7_YD-4_2,NA
3,email,7_YD-4_3,NA
3,email,7_YD-4_4,NA
3,email,7_YD-4_6,NA
3,email,7_YD-4_5,NA
3,email,7_YD-5,NA
3,email,7_YD-6_1,NA
3,email,7_YD-6_2,NA
3,email,7_YD-6_3,NA
3,email,7_YD-6_4,NA
3,email,7_YD-6_5,NA
3,email,7_YD-6_6,NA
3,email,7_YD-7,NA
3,email,8_YD-2,NA
3,email,8_YD-3_1,NA
3,email,8_YD-3_2,NA
3,email,8_YD-3_3,NA
3,email,8_YD-3_4,NA
3,email,8_YD-3_6,NA
3,email,8_YD-3_5,NA
3,email,8_YD-4_1,NA
3,email,8_YD-4_2,NA
3,email,8_YD-4_3,NA
3,email,8_YD-4_4,NA
3,email,8_YD-4_6,NA
3,email,8_YD-4_5,NA
3,email,8_YD-5,NA
3,email,8_YD-6_1,NA
3,email,8_YD-6_2,NA
3,email,8_YD-6_3,NA
3,email,8_YD-6_4,NA
3,email,8_YD-6_5,NA
3,email,8_YD-6_6,NA
3,email,8_YD-7,NA
11,email,YD-1_6,NA
11,email,YD-1_7,1
11,email,YD-1_5,NA
11,email,YD-1_4,NA
11,email,YD-1_3,NA
11,email,YD-1_2,1
11,email,YD-1_1,NA
11,email,YD-1_8,NA
11,email,YD-1_DO_6,4
11,email,YD-1_DO_7,1
11,email,YD-1_DO_5,5
11,email,YD-1_DO_4,6
11,email,YD-1_DO_3,2
11,email,YD-1_DO_2,3
11,email,YD-1_DO_1,8
11,email,YD-1_DO_8,7
11,email,1_YD-2,NA
11,email,1_YD-3_1,NA
11,email,1_YD-3_2,NA
11,email,1_YD-3_3,NA
11,email,1_YD-3_4,NA
11,email,1_YD-3_6,NA
11,email,1_YD-3_5,NA
11,email,1_YD-4_1,NA
11,email,1_YD-4_2,NA
11,email,1_YD-4_3,NA
11,email,1_YD-4_4,NA
11,email,1_YD-4_6,NA
11,email,1_YD-4_5,NA
11,email,1_YD-5,NA
11,email,1_YD-6_1,NA
11,email,1_YD-6_2,NA
11,email,1_YD-6_3,NA
11,email,1_YD-6_4,NA
11,email,1_YD-6_5,NA
11,email,1_YD-6_6,NA
11,email,1_YD-7,NA
11,email,2_YD-2,2
11,email,2_YD-3_1,1
11,email,2_YD-3_2,NA
11,email,2_YD-3_3,NA
11,email,2_YD-3_4,NA
11,email,2_YD-3_6,NA
11,email,2_YD-3_5,NA
11,email,2_YD-4_1,NA
11,email,2_YD-4_2,NA
11,email,2_YD-4_3,NA
11,email,2_YD-4_4,NA
11,email,2_YD-4_6,1
11,email,2_YD-4_5,NA
11,email,2_YD-5,6
11,email,2_YD-6_1,NA
11,email,2_YD-6_2,NA
11,email,2_YD-6_3,NA
11,email,2_YD-6_4,NA
11,email,2_YD-6_5,1
11,email,2_YD-6_6,NA
11,email,2_YD-7,3
11,email,3_YD-2,NA
11,email,3_YD-3_1,NA
11,email,3_YD-3_2,NA
11,email,3_YD-3_3,NA
11,email,3_YD-3_4,NA
11,email,3_YD-3_6,NA
11,email,3_YD-3_5,NA
11,email,3_YD-4_1,NA
11,email,3_YD-4_2,NA
11,email,3_YD-4_3,NA
11,email,3_YD-4_4,NA
11,email,3_YD-4_6,NA
11,email,3_YD-4_5,NA
11,email,3_YD-5,NA
11,email,3_YD-6_1,NA
11,email,3_YD-6_2,NA
11,email,3_YD-6_3,NA
11,email,3_YD-6_4,NA
11,email,3_YD-6_5,NA
11,email,3_YD-6_6,NA
11,email,3_YD-7,NA
11,email,4_YD-2,NA
11,email,4_YD-3_1,NA
11,email,4_YD-3_2,NA
11,email,4_YD-3_3,NA
11,email,4_YD-3_4,NA
11,email,4_YD-3_6,NA
11,email,4_YD-3_5,NA
11,email,4_YD-4_1,NA
11,email,4_YD-4_2,NA
11,email,4_YD-4_3,NA
11,email,4_YD-4_4,NA
11,email,4_YD-4_6,NA
11,email,4_YD-4_5,NA
11,email,4_YD-5,NA
11,email,4_YD-6_1,NA
11,email,4_YD-6_2,NA
11,email,4_YD-6_3,NA
11,email,4_YD-6_4,NA
11,email,4_YD-6_5,NA
11,email,4_YD-6_6,NA
11,email,4_YD-7,NA
11,email,5_YD-2,NA
11,email,5_YD-3_1,NA
11,email,5_YD-3_2,NA
11,email,5_YD-3_3,NA
11,email,5_YD-3_4,NA
11,email,5_YD-3_6,NA
11,email,5_YD-3_5,NA
11,email,5_YD-4_1,NA
11,email,5_YD-4_2,NA
11,email,5_YD-4_3,NA
11,email,5_YD-4_4,NA
11,email,5_YD-4_6,NA
11,email,5_YD-4_5,NA
11,email,5_YD-5,NA
11,email,5_YD-6_1,NA
11,email,5_YD-6_2,NA
11,email,5_YD-6_3,NA
11,email,5_YD-6_4,NA
11,email,5_YD-6_5,NA
11,email,5_YD-6_6,NA
11,email,5_YD-7,NA
11,email,6_YD-2,NA
11,email,6_YD-3_1,NA
11,email,6_YD-3_2,NA
11,email,6_YD-3_3,NA
11,email,6_YD-3_4,NA
11,email,6_YD-3_6,NA
11,email,6_YD-3_5,NA
11,email,6_YD-4_1,NA
11,email,6_YD-4_2,NA
11,email,6_YD-4_3,NA
11,email,6_YD-4_4,NA
11,email,6_YD-4_6,NA
11,email,6_YD-4_5,NA
11,email,6_YD-5,NA
11,email,6_YD-6_1,NA
11,email,6_YD-6_2,NA
11,email,6_YD-6_3,NA
11,email,6_YD-6_4,NA
11,email,6_YD-6_5,NA
11,email,6_YD-6_6,NA
11,email,6_YD-7,NA
11,email,7_YD-2,2
11,email,7_YD-3_1,1
11,email,7_YD-3_2,NA
11,email,7_YD-3_3,NA
11,email,7_YD-3_4,NA
11,email,7_YD-3_6,NA
11,email,7_YD-3_5,NA
11,email,7_YD-4_1,NA
11,email,7_YD-4_2,NA
11,email,7_YD-4_3,NA
11,email,7_YD-4_4,NA
11,email,7_YD-4_6,NA
11,email,7_YD-4_5,1
11,email,7_YD-5,5
11,email,7_YD-6_1,NA
11,email,7_YD-6_2,NA
11,email,7_YD-6_3,NA
11,email,7_YD-6_4,NA
11,email,7_YD-6_5,1
11,email,7_YD-6_6,NA
11,email,7_YD-7,3
11,email,8_YD-2,NA
11,email,8_YD-3_1,NA
11,email,8_YD-3_2,NA
11,email,8_YD-3_3,NA
11,email,8_YD-3_4,NA
11,email,8_YD-3_6,NA
11,email,8_YD-3_5,NA
11,email,8_YD-4_1,NA
11,email,8_YD-4_2,NA
11,email,8_YD-4_3,NA
11,email,8_YD-4_4,NA
11,email,8_YD-4_6,NA
11,email,8_YD-4_5,NA
11,email,8_YD-5,NA
11,email,8_YD-6_1,NA
11,email,8_YD-6_2,NA
11,email,8_YD-6_3,NA
11,email,8_YD-6_4,NA
11,email,8_YD-6_5,NA
11,email,8_YD-6_6,NA
11,email,8_YD-7,NA
9,email,YD-1_6,NA
9,email,YD-1_7,1
9,email,YD-1_5,1
9,email,YD-1_4,NA
9,email,YD-1_3,NA
9,email,YD-1_2,1
9,email,YD-1_1,NA
9,email,YD-1_8,NA
9,email,YD-1_DO_6,4
9,email,YD-1_DO_7,3
9,email,YD-1_DO_5,5
9,email,YD-1_DO_4,6
9,email,YD-1_DO_3,7
9,email,YD-1_DO_2,1
9,email,YD-1_DO_1,8
9,email,YD-1_DO_8,2
9,email,1_YD-2,NA
9,email,1_YD-3_1,NA
9,email,1_YD-3_2,NA
9,email,1_YD-3_3,NA
9,email,1_YD-3_4,NA
9,email,1_YD-3_6,NA
9,email,1_YD-3_5,NA
9,email,1_YD-4_1,NA
9,email,1_YD-4_2,NA
9,email,1_YD-4_3,NA
9,email,1_YD-4_4,NA
9,email,1_YD-4_6,NA
9,email,1_YD-4_5,NA
9,email,1_YD-5,NA
9,email,1_YD-6_1,NA
9,email,1_YD-6_2,NA
9,email,1_YD-6_3,NA
9,email,1_YD-6_4,NA
9,email,1_YD-6_5,NA
9,email,1_YD-6_6,NA
9,email,1_YD-7,NA
9,email,2_YD-2,4
9,email,2_YD-3_1,1
9,email,2_YD-3_2,1
9,email,2_YD-3_3,NA
9,email,2_YD-3_4,NA
9,email,2_YD-3_6,NA
9,email,2_YD-3_5,NA
9,email,2_YD-4_1,NA
9,email,2_YD-4_2,NA
9,email,2_YD-4_3,NA
9,email,2_YD-4_4,NA
9,email,2_YD-4_6,NA
9,email,2_YD-4_5,1
9,email,2_YD-5,5
9,email,2_YD-6_1,NA
9,email,2_YD-6_2,NA
9,email,2_YD-6_3,NA
9,email,2_YD-6_4,NA
9,email,2_YD-6_5,NA
9,email,2_YD-6_6,1
9,email,2_YD-7,2
9,email,3_YD-2,NA
9,email,3_YD-3_1,NA
9,email,3_YD-3_2,NA
9,email,3_YD-3_3,NA
9,email,3_YD-3_4,NA
9,email,3_YD-3_6,NA
9,email,3_YD-3_5,NA
9,email,3_YD-4_1,NA
9,email,3_YD-4_2,NA
9,email,3_YD-4_3,NA
9,email,3_YD-4_4,NA
9,email,3_YD-4_6,NA
9,email,3_YD-4_5,NA
9,email,3_YD-5,NA
9,email,3_YD-6_1,NA
9,email,3_YD-6_2,NA
9,email,3_YD-6_3,NA
9,email,3_YD-6_4,NA
9,email,3_YD-6_5,NA
9,email,3_YD-6_6,NA
9,email,3_YD-7,NA
9,email,4_YD-2,NA
9,email,4_YD-3_1,NA
9,email,4_YD-3_2,NA
9,email,4_YD-3_3,NA
9,email,4_YD-3_4,NA
9,email,4_YD-3_6,NA
9,email,4_YD-3_5,NA
9,email,4_YD-4_1,NA
9,email,4_YD-4_2,NA
9,email,4_YD-4_3,NA
9,email,4_YD-4_4,NA
9,email,4_YD-4_6,NA
9,email,4_YD-4_5,NA
9,email,4_YD-5,NA
9,email,4_YD-6_1,NA
9,email,4_YD-6_2,NA
9,email,4_YD-6_3,NA
9,email,4_YD-6_4,NA
9,email,4_YD-6_5,NA
9,email,4_YD-6_6,NA
9,email,4_YD-7,NA
9,email,5_YD-2,4
9,email,5_YD-3_1,NA
9,email,5_YD-3_2,NA
9,email,5_YD-3_3,NA
9,email,5_YD-3_4,NA
9,email,5_YD-3_6,1
9,email,5_YD-3_5,NA
9,email,5_YD-4_1,NA
9,email,5_YD-4_2,NA
9,email,5_YD-4_3,NA
9,email,5_YD-4_4,NA
9,email,5_YD-4_6,NA
9,email,5_YD-4_5,1
9,email,5_YD-5,6
9,email,5_YD-6_1,NA
9,email,5_YD-6_2,NA
9,email,5_YD-6_3,NA
9,email,5_YD-6_4,NA
9,email,5_YD-6_5,NA
9,email,5_YD-6_6,1
9,email,5_YD-7,3
9,email,6_YD-2,NA
9,email,6_YD-3_1,NA
9,email,6_YD-3_2,NA
9,email,6_YD-3_3,NA
9,email,6_YD-3_4,NA
9,email,6_YD-3_6,NA
9,email,6_YD-3_5,NA
9,email,6_YD-4_1,NA
9,email,6_YD-4_2,NA
9,email,6_YD-4_3,NA
9,email,6_YD-4_4,NA
9,email,6_YD-4_6,NA
9,email,6_YD-4_5,NA
9,email,6_YD-5,NA
9,email,6_YD-6_1,NA
9,email,6_YD-6_2,NA
9,email,6_YD-6_3,NA
9,email,6_YD-6_4,NA
9,email,6_YD-6_5,NA
9,email,6_YD-6_6,NA
9,email,6_YD-7,NA
9,email,7_YD-2,4
9,email,7_YD-3_1,NA
9,email,7_YD-3_2,NA
9,email,7_YD-3_3,NA
9,email,7_YD-3_4,NA
9,email,7_YD-3_6,1
9,email,7_YD-3_5,NA
9,email,7_YD-4_1,NA
9,email,7_YD-4_2,NA
9,email,7_YD-4_3,NA
9,email,7_YD-4_4,NA
9,email,7_YD-4_6,NA
9,email,7_YD-4_5,1
9,email,7_YD-5,5
9,email,7_YD-6_1,NA
9,email,7_YD-6_2,NA
9,email,7_YD-6_3,NA
9,email,7_YD-6_4,NA
9,email,7_YD-6_5,NA
9,email,7_YD-6_6,1
9,email,7_YD-7,3
9,email,8_YD-2,NA
9,email,8_YD-3_1,NA
9,email,8_YD-3_2,NA
9,email,8_YD-3_3,NA
9,email,8_YD-3_4,NA
9,email,8_YD-3_6,NA
9,email,8_YD-3_5,NA
9,email,8_YD-4_1,NA
9,email,8_YD-4_2,NA
9,email,8_YD-4_3,NA
9,email,8_YD-4_4,NA
9,email,8_YD-4_6,NA
9,email,8_YD-4_5,NA
9,email,8_YD-5,NA
9,email,8_YD-6_1,NA
9,email,8_YD-6_2,NA
9,email,8_YD-6_3,NA
9,email,8_YD-6_4,NA
9,email,8_YD-6_5,NA
9,email,8_YD-6_6,NA
9,email,8_YD-7,NA
13,email,YD-1_6,1
13,email,YD-1_7,NA
13,email,YD-1_5,NA
13,email,YD-1_4,1
13,email,YD-1_3,NA
13,email,YD-1_2,1
13,email,YD-1_1,NA
13,email,YD-1_8,NA
13,email,YD-1_DO_6,2
13,email,YD-1_DO_7,4
13,email,YD-1_DO_5,6
13,email,YD-1_DO_4,1
13,email,YD-1_DO_3,5
13,email,YD-1_DO_2,8
13,email,YD-1_DO_1,3
13,email,YD-1_DO_8,7
13,email,1_YD-2,NA
13,email,1_YD-3_1,NA
13,email,1_YD-3_2,NA
13,email,1_YD-3_3,NA
13,email,1_YD-3_4,NA
13,email,1_YD-3_6,NA
13,email,1_YD-3_5,NA
13,email,1_YD-4_1,NA
13,email,1_YD-4_2,NA
13,email,1_YD-4_3,NA
13,email,1_YD-4_4,NA
13,email,1_YD-4_6,NA
13,email,1_YD-4_5,NA
13,email,1_YD-5,NA
13,email,1_YD-6_1,NA
13,email,1_YD-6_2,NA
13,email,1_YD-6_3,NA
13,email,1_YD-6_4,NA
13,email,1_YD-6_5,NA
13,email,1_YD-6_6,NA
13,email,1_YD-7,NA
13,email,2_YD-2,1
13,email,2_YD-3_1,NA
13,email,2_YD-3_2,NA
13,email,2_YD-3_3,NA
13,email,2_YD-3_4,1
13,email,2_YD-3_6,NA
13,email,2_YD-3_5,NA
13,email,2_YD-4_1,NA
13,email,2_YD-4_2,NA
13,email,2_YD-4_3,NA
13,email,2_YD-4_4,NA
13,email,2_YD-4_6,NA
13,email,2_YD-4_5,1
13,email,2_YD-5,7
13,email,2_YD-6_1,1
13,email,2_YD-6_2,NA
13,email,2_YD-6_3,NA
13,email,2_YD-6_4,NA
13,email,2_YD-6_5,NA
13,email,2_YD-6_6,NA
13,email,2_YD-7,4
13,email,3_YD-2,NA
13,email,3_YD-3_1,NA
13,email,3_YD-3_2,NA
13,email,3_YD-3_3,NA
13,email,3_YD-3_4,NA
13,email,3_YD-3_6,NA
13,email,3_YD-3_5,NA
13,email,3_YD-4_1,NA
13,email,3_YD-4_2,NA
13,email,3_YD-4_3,NA
13,email,3_YD-4_4,NA
13,email,3_YD-4_6,NA
13,email,3_YD-4_5,NA
13,email,3_YD-5,NA
13,email,3_YD-6_1,NA
13,email,3_YD-6_2,NA
13,email,3_YD-6_3,NA
13,email,3_YD-6_4,NA
13,email,3_YD-6_5,NA
13,email,3_YD-6_6,NA
13,email,3_YD-7,NA
13,email,4_YD-2,2
13,email,4_YD-3_1,1
13,email,4_YD-3_2,1
13,email,4_YD-3_3,1
13,email,4_YD-3_4,1
13,email,4_YD-3_6,NA
13,email,4_YD-3_5,NA
13,email,4_YD-4_1,NA
13,email,4_YD-4_2,NA
13,email,4_YD-4_3,NA
13,email,4_YD-4_4,NA
13,email,4_YD-4_6,NA
13,email,4_YD-4_5,1
13,email,4_YD-5,5
13,email,4_YD-6_1,NA
13,email,4_YD-6_2,NA
13,email,4_YD-6_3,NA
13,email,4_YD-6_4,1
13,email,4_YD-6_5,NA
13,email,4_YD-6_6,NA
13,email,4_YD-7,4
13,email,5_YD-2,NA
13,email,5_YD-3_1,NA
13,email,5_YD-3_2,NA
13,email,5_YD-3_3,NA
13,email,5_YD-3_4,NA
13,email,5_YD-3_6,NA
13,email,5_YD-3_5,NA
13,email,5_YD-4_1,NA
13,email,5_YD-4_2,NA
13,email,5_YD-4_3,NA
13,email,5_YD-4_4,NA
13,email,5_YD-4_6,NA
13,email,5_YD-4_5,NA
13,email,5_YD-5,NA
13,email,5_YD-6_1,NA
13,email,5_YD-6_2,NA
13,email,5_YD-6_3,NA
13,email,5_YD-6_4,NA
13,email,5_YD-6_5,NA
13,email,5_YD-6_6,NA
13,email,5_YD-7,NA
13,email,6_YD-2,1
13,email,6_YD-3_1,1
13,email,6_YD-3_2,1
13,email,6_YD-3_3,NA
13,email,6_YD-3_4,1
13,email,6_YD-3_6,NA
13,email,6_YD-3_5,1
13,email,6_YD-4_1,NA
13,email,6_YD-4_2,NA
13,email,6_YD-4_3,NA
13,email,6_YD-4_4,NA
13,email,6_YD-4_6,1
13,email,6_YD-4_5,NA
13,email,6_YD-5,3
13,email,6_YD-6_1,NA
13,email,6_YD-6_2,NA
13,email,6_YD-6_3,NA
13,email,6_YD-6_4,NA
13,email,6_YD-6_5,1
13,email,6_YD-6_6,NA
13,email,6_YD-7,4
13,email,7_YD-2,NA
13,email,7_YD-3_1,NA
13,email,7_YD-3_2,NA
13,email,7_YD-3_3,NA
13,email,7_YD-3_4,NA
13,email,7_YD-3_6,NA
13,email,7_YD-3_5,NA
13,email,7_YD-4_1,NA
13,email,7_YD-4_2,NA
13,email,7_YD-4_3,NA
13,email,7_YD-4_4,NA
13,email,7_YD-4_6,NA
13,email,7_YD-4_5,NA
13,email,7_YD-5,NA
13,email,7_YD-6_1,NA
13,email,7_YD-6_2,NA
13,email,7_YD-6_3,NA
13,email,7_YD-6_4,NA
13,email,7_YD-6_5,NA
13,email,7_YD-6_6,NA
13,email,7_YD-7,NA
13,email,8_YD-2,NA
13,email,8_YD-3_1,NA
13,email,8_YD-3_2,NA
13,email,8_YD-3_3,NA
13,email,8_YD-3_4,NA
13,email,8_YD-3_6,NA
13,email,8_YD-3_5,NA
13,email,8_YD-4_1,NA
13,email,8_YD-4_2,NA
13,email,8_YD-4_3,NA
13,email,8_YD-4_4,NA
13,email,8_YD-4_6,NA
13,email,8_YD-4_5,NA
13,email,8_YD-5,NA
13,email,8_YD-6_1,NA
13,email,8_YD-6_2,NA
13,email,8_YD-6_3,NA
13,email,8_YD-6_4,NA
13,email,8_YD-6_5,NA
13,email,8_YD-6_6,NA
13,email,8_YD-7,NA
14,email,YD-1_6,1
14,email,YD-1_7,NA
14,email,YD-1_5,1
14,email,YD-1_4,NA
14,email,YD-1_3,1
14,email,YD-1_2,1
14,email,YD-1_1,NA
14,email,YD-1_8,NA
14,email,YD-1_DO_6,7
14,email,YD-1_DO_7,6
14,email,YD-1_DO_5,5
14,email,YD-1_DO_4,4
14,email,YD-1_DO_3,1
14,email,YD-1_DO_2,2
14,email,YD-1_DO_1,3
14,email,YD-1_DO_8,8
14,email,1_YD-2,NA
14,email,1_YD-3_1,NA
14,email,1_YD-3_2,NA
14,email,1_YD-3_3,NA
14,email,1_YD-3_4,NA
14,email,1_YD-3_6,NA
14,email,1_YD-3_5,NA
14,email,1_YD-4_1,NA
14,email,1_YD-4_2,NA
14,email,1_YD-4_3,NA
14,email,1_YD-4_4,NA
14,email,1_YD-4_6,NA
14,email,1_YD-4_5,NA
14,email,1_YD-5,NA
14,email,1_YD-6_1,NA
14,email,1_YD-6_2,NA
14,email,1_YD-6_3,NA
14,email,1_YD-6_4,NA
14,email,1_YD-6_5,NA
14,email,1_YD-6_6,NA
14,email,1_YD-7,NA
14,email,2_YD-2,1
14,email,2_YD-3_1,NA
14,email,2_YD-3_2,1
14,email,2_YD-3_3,NA
14,email,2_YD-3_4,NA
14,email,2_YD-3_6,NA
14,email,2_YD-3_5,NA
14,email,2_YD-4_1,NA
14,email,2_YD-4_2,NA
14,email,2_YD-4_3,NA
14,email,2_YD-4_4,1
14,email,2_YD-4_6,NA
14,email,2_YD-4_5,NA
14,email,2_YD-5,5
14,email,2_YD-6_1,1
14,email,2_YD-6_2,NA
14,email,2_YD-6_3,NA
14,email,2_YD-6_4,NA
14,email,2_YD-6_5,NA
14,email,2_YD-6_6,NA
14,email,2_YD-7,4
14,email,3_YD-2,1
14,email,3_YD-3_1,NA
14,email,3_YD-3_2,NA
14,email,3_YD-3_3,NA
14,email,3_YD-3_4,1
14,email,3_YD-3_6,NA
14,email,3_YD-3_5,NA
14,email,3_YD-4_1,NA
14,email,3_YD-4_2,1
14,email,3_YD-4_3,NA
14,email,3_YD-4_4,NA
14,email,3_YD-4_6,NA
14,email,3_YD-4_5,NA
14,email,3_YD-5,4
14,email,3_YD-6_1,1
14,email,3_YD-6_2,NA
14,email,3_YD-6_3,NA
14,email,3_YD-6_4,NA
14,email,3_YD-6_5,NA
14,email,3_YD-6_6,NA
14,email,3_YD-7,5
14,email,4_YD-2,NA
14,email,4_YD-3_1,NA
14,email,4_YD-3_2,NA
14,email,4_YD-3_3,NA
14,email,4_YD-3_4,NA
14,email,4_YD-3_6,NA
14,email,4_YD-3_5,NA
14,email,4_YD-4_1,NA
14,email,4_YD-4_2,NA
14,email,4_YD-4_3,NA
14,email,4_YD-4_4,NA
14,email,4_YD-4_6,NA
14,email,4_YD-4_5,NA
14,email,4_YD-5,NA
14,email,4_YD-6_1,NA
14,email,4_YD-6_2,NA
14,email,4_YD-6_3,NA
14,email,4_YD-6_4,NA
14,email,4_YD-6_5,NA
14,email,4_YD-6_6,NA
14,email,4_YD-7,NA
14,email,5_YD-2,1
14,email,5_YD-3_1,1
14,email,5_YD-3_2,NA
14,email,5_YD-3_3,NA
14,email,5_YD-3_4,NA
14,email,5_YD-3_6,NA
14,email,5_YD-3_5,NA
14,email,5_YD-4_1,NA
14,email,5_YD-4_2,NA
14,email,5_YD-4_3,NA
14,email,5_YD-4_4,1
14,email,5_YD-4_6,NA
14,email,5_YD-4_5,NA
14,email,5_YD-5,7
14,email,5_YD-6_1,1
14,email,5_YD-6_2,NA
14,email,5_YD-6_3,NA
14,email,5_YD-6_4,NA
14,email,5_YD-6_5,NA
14,email,5_YD-6_6,NA
14,email,5_YD-7,4
14,email,6_YD-2,1
14,email,6_YD-3_1,NA
14,email,6_YD-3_2,1
14,email,6_YD-3_3,NA
14,email,6_YD-3_4,NA
14,email,6_YD-3_6,NA
14,email,6_YD-3_5,NA
14,email,6_YD-4_1,NA
14,email,6_YD-4_2,NA
14,email,6_YD-4_3,NA
14,email,6_YD-4_4,1
14,email,6_YD-4_6,NA
14,email,6_YD-4_5,NA
14,email,6_YD-5,7
14,email,6_YD-6_1,1
14,email,6_YD-6_2,NA
14,email,6_YD-6_3,NA
14,email,6_YD-6_4,NA
14,email,6_YD-6_5,NA
14,email,6_YD-6_6,NA
14,email,6_YD-7,5
14,email,7_YD-2,NA
14,email,7_YD-3_1,NA
14,email,7_YD-3_2,NA
14,email,7_YD-3_3,NA
14,email,7_YD-3_4,NA
14,email,7_YD-3_6,NA
14,email,7_YD-3_5,NA
14,email,7_YD-4_1,NA
14,email,7_YD-4_2,NA
14,email,7_YD-4_3,NA
14,email,7_YD-4_4,NA
14,email,7_YD-4_6,NA
14,email,7_YD-4_5,NA
14,email,7_YD-5,NA
14,email,7_YD-6_1,NA
14,email,7_YD-6_2,NA
14,email,7_YD-6_3,NA
14,email,7_YD-6_4,NA
14,email,7_YD-6_5,NA
14,email,7_YD-6_6,NA
14,email,7_YD-7,NA
14,email,8_YD-2,NA
14,email,8_YD-3_1,NA
14,email,8_YD-3_2,NA
14,email,8_YD-3_3,NA
14,email,8_YD-3_4,NA
14,email,8_YD-3_6,NA
14,email,8_YD-3_5,NA
14,email,8_YD-4_1,NA
14,email,8_YD-4_2,NA
14,email,8_YD-4_3,NA
14,email,8_YD-4_4,NA
14,email,8_YD-4_6,NA
14,email,8_YD-4_5,NA
14,email,8_YD-5,NA
14,email,8_YD-6_1,NA
14,email,8_YD-6_2,NA
14,email,8_YD-6_3,NA
14,email,8_YD-6_4,NA
14,email,8_YD-6_5,NA
14,email,8_YD-6_6,NA
14,email,8_YD-7,NA
16,email,YD-1_6,NA
16,email,YD-1_7,NA
16,email,YD-1_5,NA
16,email,YD-1_4,NA
16,email,YD-1_3,1
16,email,YD-1_2,1
16,email,YD-1_1,NA
16,email,YD-1_8,NA
16,email,YD-1_DO_6,3
16,email,YD-1_DO_7,4
16,email,YD-1_DO_5,5
16,email,YD-1_DO_4,8
16,email,YD-1_DO_3,2
16,email,YD-1_DO_2,1
16,email,YD-1_DO_1,6
16,email,YD-1_DO_8,7
16,email,1_YD-2,NA
16,email,1_YD-3_1,NA
16,email,1_YD-3_2,NA
16,email,1_YD-3_3,NA
16,email,1_YD-3_4,NA
16,email,1_YD-3_6,NA
16,email,1_YD-3_5,NA
16,email,1_YD-4_1,NA
16,email,1_YD-4_2,NA
16,email,1_YD-4_3,NA
16,email,1_YD-4_4,NA
16,email,1_YD-4_6,NA
16,email,1_YD-4_5,NA
16,email,1_YD-5,NA
16,email,1_YD-6_1,NA
16,email,1_YD-6_2,NA
16,email,1_YD-6_3,NA
16,email,1_YD-6_4,NA
16,email,1_YD-6_5,NA
16,email,1_YD-6_6,NA
16,email,1_YD-7,NA
16,email,2_YD-2,4
16,email,2_YD-3_1,NA
16,email,2_YD-3_2,NA
16,email,2_YD-3_3,NA
16,email,2_YD-3_4,1
16,email,2_YD-3_6,NA
16,email,2_YD-3_5,NA
16,email,2_YD-4_1,NA
16,email,2_YD-4_2,NA
16,email,2_YD-4_3,NA
16,email,2_YD-4_4,NA
16,email,2_YD-4_6,NA
16,email,2_YD-4_5,1
16,email,2_YD-5,6
16,email,2_YD-6_1,NA
16,email,2_YD-6_2,NA
16,email,2_YD-6_3,NA
16,email,2_YD-6_4,1
16,email,2_YD-6_5,NA
16,email,2_YD-6_6,NA
16,email,2_YD-7,4
16,email,3_YD-2,2
16,email,3_YD-3_1,1
16,email,3_YD-3_2,NA
16,email,3_YD-3_3,NA
16,email,3_YD-3_4,NA
16,email,3_YD-3_6,NA
16,email,3_YD-3_5,NA
16,email,3_YD-4_1,NA
16,email,3_YD-4_2,NA
16,email,3_YD-4_3,NA
16,email,3_YD-4_4,NA
16,email,3_YD-4_6,NA
16,email,3_YD-4_5,1
16,email,3_YD-5,5
16,email,3_YD-6_1,NA
16,email,3_YD-6_2,NA
16,email,3_YD-6_3,NA
16,email,3_YD-6_4,1
16,email,3_YD-6_5,NA
16,email,3_YD-6_6,NA
16,email,3_YD-7,4
16,email,4_YD-2,NA
16,email,4_YD-3_1,NA
16,email,4_YD-3_2,NA
16,email,4_YD-3_3,NA
16,email,4_YD-3_4,NA
16,email,4_YD-3_6,NA
16,email,4_YD-3_5,NA
16,email,4_YD-4_1,NA
16,email,4_YD-4_2,NA
16,email,4_YD-4_3,NA
16,email,4_YD-4_4,NA
16,email,4_YD-4_6,NA
16,email,4_YD-4_5,NA
16,email,4_YD-5,NA
16,email,4_YD-6_1,NA
16,email,4_YD-6_2,NA
16,email,4_YD-6_3,NA
16,email,4_YD-6_4,NA
16,email,4_YD-6_5,NA
16,email,4_YD-6_6,NA
16,email,4_YD-7,NA
16,email,5_YD-2,NA
16,email,5_YD-3_1,NA
16,email,5_YD-3_2,NA
16,email,5_YD-3_3,NA
16,email,5_YD-3_4,NA
16,email,5_YD-3_6,NA
16,email,5_YD-3_5,NA
16,email,5_YD-4_1,NA
16,email,5_YD-4_2,NA
16,email,5_YD-4_3,NA
16,email,5_YD-4_4,NA
16,email,5_YD-4_6,NA
16,email,5_YD-4_5,NA
16,email,5_YD-5,NA
16,email,5_YD-6_1,NA
16,email,5_YD-6_2,NA
16,email,5_YD-6_3,NA
16,email,5_YD-6_4,NA
16,email,5_YD-6_5,NA
16,email,5_YD-6_6,NA
16,email,5_YD-7,NA
16,email,6_YD-2,NA
16,email,6_YD-3_1,NA
16,email,6_YD-3_2,NA
16,email,6_YD-3_3,NA
16,email,6_YD-3_4,NA
16,email,6_YD-3_6,NA
16,email,6_YD-3_5,NA
16,email,6_YD-4_1,NA
16,email,6_YD-4_2,NA
16,email,6_YD-4_3,NA
16,email,6_YD-4_4,NA
16,email,6_YD-4_6,NA
16,email,6_YD-4_5,NA
16,email,6_YD-5,NA
16,email,6_YD-6_1,NA
16,email,6_YD-6_2,NA
16,email,6_YD-6_3,NA
16,email,6_YD-6_4,NA
16,email,6_YD-6_5,NA
16,email,6_YD-6_6,NA
16,email,6_YD-7,NA
16,email,7_YD-2,NA
16,email,7_YD-3_1,NA
16,email,7_YD-3_2,NA
16,email,7_YD-3_3,NA
16,email,7_YD-3_4,NA
16,email,7_YD-3_6,NA
16,email,7_YD-3_5,NA
16,email,7_YD-4_1,NA
16,email,7_YD-4_2,NA
16,email,7_YD-4_3,NA
16,email,7_YD-4_4,NA
16,email,7_YD-4_6,NA
16,email,7_YD-4_5,NA
16,email,7_YD-5,NA
16,email,7_YD-6_1,NA
16,email,7_YD-6_2,NA
16,email,7_YD-6_3,NA
16,email,7_YD-6_4,NA
16,email,7_YD-6_5,NA
16,email,7_YD-6_6,NA
16,email,7_YD-7,NA
16,email,8_YD-2,NA
16,email,8_YD-3_1,NA
16,email,8_YD-3_2,NA
16,email,8_YD-3_3,NA
16,email,8_YD-3_4,NA
16,email,8_YD-3_6,NA
16,email,8_YD-3_5,NA
16,email,8_YD-4_1,NA
16,email,8_YD-4_2,NA
16,email,8_YD-4_3,NA
16,email,8_YD-4_4,NA
16,email,8_YD-4_6,NA
16,email,8_YD-4_5,NA
16,email,8_YD-5,NA
16,email,8_YD-6_1,NA
16,email,8_YD-6_2,NA
16,email,8_YD-6_3,NA
16,email,8_YD-6_4,NA
16,email,8_YD-6_5,NA
16,email,8_YD-6_6,NA
16,email,8_YD-7,NA
4,email,YD-1_6,1
4,email,YD-1_7,NA
4,email,YD-1_5,NA
4,email,YD-1_4,NA
4,email,YD-1_3,1
4,email,YD-1_2,1
4,email,YD-1_1,NA
4,email,YD-1_8,NA
4,email,YD-1_DO_6,7
4,email,YD-1_DO_7,1
4,email,YD-1_DO_5,6
4,email,YD-1_DO_4,3
4,email,YD-1_DO_3,8
4,email,YD-1_DO_2,2
4,email,YD-1_DO_1,5
4,email,YD-1_DO_8,4
4,email,1_YD-2,NA
4,email,1_YD-3_1,NA
4,email,1_YD-3_2,NA
4,email,1_YD-3_3,NA
4,email,1_YD-3_4,NA
4,email,1_YD-3_6,NA
4,email,1_YD-3_5,NA
4,email,1_YD-4_1,NA
4,email,1_YD-4_2,NA
4,email,1_YD-4_3,NA
4,email,1_YD-4_4,NA
4,email,1_YD-4_6,NA
4,email,1_YD-4_5,NA
4,email,1_YD-5,NA
4,email,1_YD-6_1,NA
4,email,1_YD-6_2,NA
4,email,1_YD-6_3,NA
4,email,1_YD-6_4,NA
4,email,1_YD-6_5,NA
4,email,1_YD-6_6,NA
4,email,1_YD-7,NA
4,email,2_YD-2,4
4,email,2_YD-3_1,NA
4,email,2_YD-3_2,NA
4,email,2_YD-3_3,NA
4,email,2_YD-3_4,NA
4,email,2_YD-3_6,NA
4,email,2_YD-3_5,1
4,email,2_YD-4_1,NA
4,email,2_YD-4_2,NA
4,email,2_YD-4_3,NA
4,email,2_YD-4_4,NA
4,email,2_YD-4_6,1
4,email,2_YD-4_5,NA
4,email,2_YD-5,7
4,email,2_YD-6_1,1
4,email,2_YD-6_2,NA
4,email,2_YD-6_3,NA
4,email,2_YD-6_4,NA
4,email,2_YD-6_5,1
4,email,2_YD-6_6,NA
4,email,2_YD-7,3
4,email,3_YD-2,4
4,email,3_YD-3_1,NA
4,email,3_YD-3_2,NA
4,email,3_YD-3_3,NA
4,email,3_YD-3_4,NA
4,email,3_YD-3_6,1
4,email,3_YD-3_5,NA
4,email,3_YD-4_1,NA
4,email,3_YD-4_2,NA
4,email,3_YD-4_3,NA
4,email,3_YD-4_4,NA
4,email,3_YD-4_6,1
4,email,3_YD-4_5,NA
4,email,3_YD-5,7
4,email,3_YD-6_1,1
4,email,3_YD-6_2,NA
4,email,3_YD-6_3,NA
4,email,3_YD-6_4,NA
4,email,3_YD-6_5,1
4,email,3_YD-6_6,NA
4,email,3_YD-7,3
4,email,4_YD-2,NA
4,email,4_YD-3_1,NA
4,email,4_YD-3_2,NA
4,email,4_YD-3_3,NA
4,email,4_YD-3_4,NA
4,email,4_YD-3_6,NA
4,email,4_YD-3_5,NA
4,email,4_YD-4_1,NA
4,email,4_YD-4_2,NA
4,email,4_YD-4_3,NA
4,email,4_YD-4_4,NA
4,email,4_YD-4_6,NA
4,email,4_YD-4_5,NA
4,email,4_YD-5,NA
4,email,4_YD-6_1,NA
4,email,4_YD-6_2,NA
4,email,4_YD-6_3,NA
4,email,4_YD-6_4,NA
4,email,4_YD-6_5,NA
4,email,4_YD-6_6,NA
4,email,4_YD-7,NA
4,email,5_YD-2,NA
4,email,5_YD-3_1,NA
4,email,5_YD-3_2,NA
4,email,5_YD-3_3,NA
4,email,5_YD-3_4,NA
4,email,5_YD-3_6,NA
4,email,5_YD-3_5,NA
4,email,5_YD-4_1,NA
4,email,5_YD-4_2,NA
4,email,5_YD-4_3,NA
4,email,5_YD-4_4,NA
4,email,5_YD-4_6,NA
4,email,5_YD-4_5,NA
4,email,5_YD-5,NA
4,email,5_YD-6_1,NA
4,email,5_YD-6_2,NA
4,email,5_YD-6_3,NA
4,email,5_YD-6_4,NA
4,email,5_YD-6_5,NA
4,email,5_YD-6_6,NA
4,email,5_YD-7,NA
4,email,6_YD-2,4
4,email,6_YD-3_1,NA
4,email,6_YD-3_2,NA
4,email,6_YD-3_3,NA
4,email,6_YD-3_4,NA
4,email,6_YD-3_6,NA
4,email,6_YD-3_5,1
4,email,6_YD-4_1,NA
4,email,6_YD-4_2,NA
4,email,6_YD-4_3,NA
4,email,6_YD-4_4,NA
4,email,6_YD-4_6,1
4,email,6_YD-4_5,NA
4,email,6_YD-5,7
4,email,6_YD-6_1,1
4,email,6_YD-6_2,NA
4,email,6_YD-6_3,NA
4,email,6_YD-6_4,NA
4,email,6_YD-6_5,1
4,email,6_YD-6_6,NA
4,email,6_YD-7,4
4,email,7_YD-2,NA
4,email,7_YD-3_1,NA
4,email,7_YD-3_2,NA
4,email,7_YD-3_3,NA
4,email,7_YD-3_4,NA
4,email,7_YD-3_6,NA
4,email,7_YD-3_5,NA
4,email,7_YD-4_1,NA
4,email,7_YD-4_2,NA
4,email,7_YD-4_3,NA
4,email,7_YD-4_4,NA
4,email,7_YD-4_6,NA
4,email,7_YD-4_5,NA
4,email,7_YD-5,NA
4,email,7_YD-6_1,NA
4,email,7_YD-6_2,NA
4,email,7_YD-6_3,NA
4,email,7_YD-6_4,NA
4,email,7_YD-6_5,NA
4,email,7_YD-6_6,NA
4,email,7_YD-7,NA
4,email,8_YD-2,NA
4,email,8_YD-3_1,NA
4,email,8_YD-3_2,NA
4,email,8_YD-3_3,NA
4,email,8_YD-3_4,NA
4,email,8_YD-3_6,NA
4,email,8_YD-3_5,NA
4,email,8_YD-4_1,NA
4,email,8_YD-4_2,NA
4,email,8_YD-4_3,NA
4,email,8_YD-4_4,NA
4,email,8_YD-4_6,NA
4,email,8_YD-4_5,NA
4,email,8_YD-5,NA
4,email,8_YD-6_1,NA
4,email,8_YD-6_2,NA
4,email,8_YD-6_3,NA
4,email,8_YD-6_4,NA
4,email,8_YD-6_5,NA
4,email,8_YD-6_6,NA
4,email,8_YD-7,NA
17,email,YD-1_6,1
17,email,YD-1_7,1
17,email,YD-1_5,1
17,email,YD-1_4,NA
17,email,YD-1_3,NA
17,email,YD-1_2,1
17,email,YD-1_1,1
17,email,YD-1_8,NA
17,email,YD-1_DO_6,8
17,email,YD-1_DO_7,7
17,email,YD-1_DO_5,4
17,email,YD-1_DO_4,2
17,email,YD-1_DO_3,1
17,email,YD-1_DO_2,6
17,email,YD-1_DO_1,3
17,email,YD-1_DO_8,5
17,email,1_YD-2,2
17,email,1_YD-3_1,1
17,email,1_YD-3_2,NA
17,email,1_YD-3_3,NA
17,email,1_YD-3_4,NA
17,email,1_YD-3_6,NA
17,email,1_YD-3_5,NA
17,email,1_YD-4_1,NA
17,email,1_YD-4_2,1
17,email,1_YD-4_3,1
17,email,1_YD-4_4,NA
17,email,1_YD-4_6,NA
17,email,1_YD-4_5,NA
17,email,1_YD-5,4
17,email,1_YD-6_1,NA
17,email,1_YD-6_2,NA
17,email,1_YD-6_3,1
17,email,1_YD-6_4,1
17,email,1_YD-6_5,NA
17,email,1_YD-6_6,1
17,email,1_YD-7,3
17,email,2_YD-2,1
17,email,2_YD-3_1,NA
17,email,2_YD-3_2,NA
17,email,2_YD-3_3,NA
17,email,2_YD-3_4,1
17,email,2_YD-3_6,NA
17,email,2_YD-3_5,NA
17,email,2_YD-4_1,1
17,email,2_YD-4_2,1
17,email,2_YD-4_3,1
17,email,2_YD-4_4,NA
17,email,2_YD-4_6,NA
17,email,2_YD-4_5,NA
17,email,2_YD-5,4
17,email,2_YD-6_1,NA
17,email,2_YD-6_2,NA
17,email,2_YD-6_3,1
17,email,2_YD-6_4,1
17,email,2_YD-6_5,NA
17,email,2_YD-6_6,NA
17,email,2_YD-7,2
17,email,3_YD-2,NA
17,email,3_YD-3_1,NA
17,email,3_YD-3_2,NA
17,email,3_YD-3_3,NA
17,email,3_YD-3_4,NA
17,email,3_YD-3_6,NA
17,email,3_YD-3_5,NA
17,email,3_YD-4_1,NA
17,email,3_YD-4_2,NA
17,email,3_YD-4_3,NA
17,email,3_YD-4_4,NA
17,email,3_YD-4_6,NA
17,email,3_YD-4_5,NA
17,email,3_YD-5,NA
17,email,3_YD-6_1,NA
17,email,3_YD-6_2,NA
17,email,3_YD-6_3,NA
17,email,3_YD-6_4,NA
17,email,3_YD-6_5,NA
17,email,3_YD-6_6,NA
17,email,3_YD-7,NA
17,email,4_YD-2,NA
17,email,4_YD-3_1,NA
17,email,4_YD-3_2,NA
17,email,4_YD-3_3,NA
17,email,4_YD-3_4,NA
17,email,4_YD-3_6,NA
17,email,4_YD-3_5,NA
17,email,4_YD-4_1,NA
17,email,4_YD-4_2,NA
17,email,4_YD-4_3,NA
17,email,4_YD-4_4,NA
17,email,4_YD-4_6,NA
17,email,4_YD-4_5,NA
17,email,4_YD-5,NA
17,email,4_YD-6_1,NA
17,email,4_YD-6_2,NA
17,email,4_YD-6_3,NA
17,email,4_YD-6_4,NA
17,email,4_YD-6_5,NA
17,email,4_YD-6_6,NA
17,email,4_YD-7,NA
17,email,5_YD-2,1
17,email,5_YD-3_1,NA
17,email,5_YD-3_2,NA
17,email,5_YD-3_3,NA
17,email,5_YD-3_4,1
17,email,5_YD-3_6,NA
17,email,5_YD-3_5,NA
17,email,5_YD-4_1,1
17,email,5_YD-4_2,1
17,email,5_YD-4_3,1
17,email,5_YD-4_4,NA
17,email,5_YD-4_6,NA
17,email,5_YD-4_5,NA
17,email,5_YD-5,4
17,email,5_YD-6_1,NA
17,email,5_YD-6_2,NA
17,email,5_YD-6_3,1
17,email,5_YD-6_4,1
17,email,5_YD-6_5,NA
17,email,5_YD-6_6,NA
17,email,5_YD-7,4
17,email,6_YD-2,1
17,email,6_YD-3_1,NA
17,email,6_YD-3_2,NA
17,email,6_YD-3_3,NA
17,email,6_YD-3_4,1
17,email,6_YD-3_6,NA
17,email,6_YD-3_5,NA
17,email,6_YD-4_1,1
17,email,6_YD-4_2,1
17,email,6_YD-4_3,1
17,email,6_YD-4_4,NA
17,email,6_YD-4_6,NA
17,email,6_YD-4_5,NA
17,email,6_YD-5,4
17,email,6_YD-6_1,NA
17,email,6_YD-6_2,NA
17,email,6_YD-6_3,1
17,email,6_YD-6_4,1
17,email,6_YD-6_5,NA
17,email,6_YD-6_6,NA
17,email,6_YD-7,3
17,email,7_YD-2,1
17,email,7_YD-3_1,NA
17,email,7_YD-3_2,NA
17,email,7_YD-3_3,NA
17,email,7_YD-3_4,1
17,email,7_YD-3_6,NA
17,email,7_YD-3_5,NA
17,email,7_YD-4_1,1
17,email,7_YD-4_2,1
17,email,7_YD-4_3,1
17,email,7_YD-4_4,NA
17,email,7_YD-4_6,NA
17,email,7_YD-4_5,NA
17,email,7_YD-5,4
17,email,7_YD-6_1,NA
17,email,7_YD-6_2,NA
17,email,7_YD-6_3,1
17,email,7_YD-6_4,1
17,email,7_YD-6_5,NA
17,email,7_YD-6_6,NA
17,email,7_YD-7,2
17,email,8_YD-2,NA
17,email,8_YD-3_1,NA
17,email,8_YD-3_2,NA
17,email,8_YD-3_3,NA
17,email,8_YD-3_4,NA
17,email,8_YD-3_6,NA
17,email,8_YD-3_5,NA
17,email,8_YD-4_1,NA
17,email,8_YD-4_2,NA
17,email,8_YD-4_3,NA
17,email,8_YD-4_4,NA
17,email,8_YD-4_6,NA
17,email,8_YD-4_5,NA
17,email,8_YD-5,NA
17,email,8_YD-6_1,NA
17,email,8_YD-6_2,NA
17,email,8_YD-6_3,NA
17,email,8_YD-6_4,NA
17,email,8_YD-6_5,NA
17,email,8_YD-6_6,NA
17,email,8_YD-7,NA
5,email,YD-1_6,1
5,email,YD-1_7,NA
5,email,YD-1_5,1
5,email,YD-1_4,NA
5,email,YD-1_3,1
5,email,YD-1_2,1
5,email,YD-1_1,NA
5,email,YD-1_8,NA
5,email,YD-1_DO_6,6
5,email,YD-1_DO_7,8
5,email,YD-1_DO_5,4
5,email,YD-1_DO_4,3
5,email,YD-1_DO_3,2
5,email,YD-1_DO_2,1
5,email,YD-1_DO_1,7
5,email,YD-1_DO_8,5
5,email,1_YD-2,NA
5,email,1_YD-3_1,NA
5,email,1_YD-3_2,NA
5,email,1_YD-3_3,NA
5,email,1_YD-3_4,NA
5,email,1_YD-3_6,NA
5,email,1_YD-3_5,NA
5,email,1_YD-4_1,NA
5,email,1_YD-4_2,NA
5,email,1_YD-4_3,NA
5,email,1_YD-4_4,NA
5,email,1_YD-4_6,NA
5,email,1_YD-4_5,NA
5,email,1_YD-5,NA
5,email,1_YD-6_1,NA
5,email,1_YD-6_2,NA
5,email,1_YD-6_3,NA
5,email,1_YD-6_4,NA
5,email,1_YD-6_5,NA
5,email,1_YD-6_6,NA
5,email,1_YD-7,NA
5,email,2_YD-2,2
5,email,2_YD-3_1,1
5,email,2_YD-3_2,NA
5,email,2_YD-3_3,NA
5,email,2_YD-3_4,NA
5,email,2_YD-3_6,NA
5,email,2_YD-3_5,NA
5,email,2_YD-4_1,NA
5,email,2_YD-4_2,NA
5,email,2_YD-4_3,NA
5,email,2_YD-4_4,NA
5,email,2_YD-4_6,1
5,email,2_YD-4_5,NA
5,email,2_YD-5,5
5,email,2_YD-6_1,NA
5,email,2_YD-6_2,NA
5,email,2_YD-6_3,1
5,email,2_YD-6_4,NA
5,email,2_YD-6_5,NA
5,email,2_YD-6_6,NA
5,email,2_YD-7,3
5,email,3_YD-2,2
5,email,3_YD-3_1,1
5,email,3_YD-3_2,NA
5,email,3_YD-3_3,NA
5,email,3_YD-3_4,NA
5,email,3_YD-3_6,NA
5,email,3_YD-3_5,NA
5,email,3_YD-4_1,NA
5,email,3_YD-4_2,NA
5,email,3_YD-4_3,NA
5,email,3_YD-4_4,NA
5,email,3_YD-4_6,1
5,email,3_YD-4_5,NA
5,email,3_YD-5,5
5,email,3_YD-6_1,NA
5,email,3_YD-6_2,NA
5,email,3_YD-6_3,1
5,email,3_YD-6_4,NA
5,email,3_YD-6_5,NA
5,email,3_YD-6_6,NA
5,email,3_YD-7,3
5,email,4_YD-2,NA
5,email,4_YD-3_1,NA
5,email,4_YD-3_2,NA
5,email,4_YD-3_3,NA
5,email,4_YD-3_4,NA
5,email,4_YD-3_6,NA
5,email,4_YD-3_5,NA
5,email,4_YD-4_1,NA
5,email,4_YD-4_2,NA
5,email,4_YD-4_3,NA
5,email,4_YD-4_4,NA
5,email,4_YD-4_6,NA
5,email,4_YD-4_5,NA
5,email,4_YD-5,NA
5,email,4_YD-6_1,NA
5,email,4_YD-6_2,NA
5,email,4_YD-6_3,NA
5,email,4_YD-6_4,NA
5,email,4_YD-6_5,NA
5,email,4_YD-6_6,NA
5,email,4_YD-7,NA
5,email,5_YD-2,2
5,email,5_YD-3_1,1
5,email,5_YD-3_2,NA
5,email,5_YD-3_3,NA
5,email,5_YD-3_4,NA
5,email,5_YD-3_6,NA
5,email,5_YD-3_5,NA
5,email,5_YD-4_1,NA
5,email,5_YD-4_2,NA
5,email,5_YD-4_3,NA
5,email,5_YD-4_4,NA
5,email,5_YD-4_6,1
5,email,5_YD-4_5,NA
5,email,5_YD-5,6
5,email,5_YD-6_1,NA
5,email,5_YD-6_2,NA
5,email,5_YD-6_3,1
5,email,5_YD-6_4,NA
5,email,5_YD-6_5,NA
5,email,5_YD-6_6,NA
5,email,5_YD-7,3
5,email,6_YD-2,4
5,email,6_YD-3_1,1
5,email,6_YD-3_2,NA
5,email,6_YD-3_3,NA
5,email,6_YD-3_4,NA
5,email,6_YD-3_6,NA
5,email,6_YD-3_5,NA
5,email,6_YD-4_1,NA
5,email,6_YD-4_2,NA
5,email,6_YD-4_3,NA
5,email,6_YD-4_4,NA
5,email,6_YD-4_6,1
5,email,6_YD-4_5,NA
5,email,6_YD-5,5
5,email,6_YD-6_1,NA
5,email,6_YD-6_2,NA
5,email,6_YD-6_3,1
5,email,6_YD-6_4,NA
5,email,6_YD-6_5,NA
5,email,6_YD-6_6,NA
5,email,6_YD-7,3
5,email,7_YD-2,NA
5,email,7_YD-3_1,NA
5,email,7_YD-3_2,NA
5,email,7_YD-3_3,NA
5,email,7_YD-3_4,NA
5,email,7_YD-3_6,NA
5,email,7_YD-3_5,NA
5,email,7_YD-4_1,NA
5,email,7_YD-4_2,NA
5,email,7_YD-4_3,NA
5,email,7_YD-4_4,NA
5,email,7_YD-4_6,NA
5,email,7_YD-4_5,NA
5,email,7_YD-5,NA
5,email,7_YD-6_1,NA
5,email,7_YD-6_2,NA
5,email,7_YD-6_3,NA
5,email,7_YD-6_4,NA
5,email,7_YD-6_5,NA
5,email,7_YD-6_6,NA
5,email,7_YD-7,NA
5,email,8_YD-2,NA
5,email,8_YD-3_1,NA
5,email,8_YD-3_2,NA
5,email,8_YD-3_3,NA
5,email,8_YD-3_4,NA
5,email,8_YD-3_6,NA
5,email,8_YD-3_5,NA
5,email,8_YD-4_1,NA
5,email,8_YD-4_2,NA
5,email,8_YD-4_3,NA
5,email,8_YD-4_4,NA
5,email,8_YD-4_6,NA
5,email,8_YD-4_5,NA
5,email,8_YD-5,NA
5,email,8_YD-6_1,NA
5,email,8_YD-6_2,NA
5,email,8_YD-6_3,NA
5,email,8_YD-6_4,NA
5,email,8_YD-6_5,NA
5,email,8_YD-6_6,NA
5,email,8_YD-7,NA
1,email,YD-1_6,NA
1,email,YD-1_7,NA
1,email,YD-1_5,NA
1,email,YD-1_4,NA
1,email,YD-1_3,NA
1,email,YD-1_2,1
1,email,YD-1_1,NA
1,email,YD-1_8,NA
1,email,YD-1_DO_6,8
1,email,YD-1_DO_7,2
1,email,YD-1_DO_5,7
1,email,YD-1_DO_4,6
1,email,YD-1_DO_3,3
1,email,YD-1_DO_2,4
1,email,YD-1_DO_1,1
1,email,YD-1_DO_8,5
1,email,1_YD-2,NA
1,email,1_YD-3_1,NA
1,email,1_YD-3_2,NA
1,email,1_YD-3_3,NA
1,email,1_YD-3_4,NA
1,email,1_YD-3_6,NA
1,email,1_YD-3_5,NA
1,email,1_YD-4_1,NA
1,email,1_YD-4_2,NA
1,email,1_YD-4_3,NA
1,email,1_YD-4_4,NA
1,email,1_YD-4_6,NA
1,email,1_YD-4_5,NA
1,email,1_YD-5,NA
1,email,1_YD-6_1,NA
1,email,1_YD-6_2,NA
1,email,1_YD-6_3,NA
1,email,1_YD-6_4,NA
1,email,1_YD-6_5,NA
1,email,1_YD-6_6,NA
1,email,1_YD-7,NA
1,email,2_YD-2,1
1,email,2_YD-3_1,1
1,email,2_YD-3_2,NA
1,email,2_YD-3_3,NA
1,email,2_YD-3_4,NA
1,email,2_YD-3_6,NA
1,email,2_YD-3_5,NA
1,email,2_YD-4_1,NA
1,email,2_YD-4_2,NA
1,email,2_YD-4_3,NA
1,email,2_YD-4_4,NA
1,email,2_YD-4_6,1
1,email,2_YD-4_5,NA
1,email,2_YD-5,6
1,email,2_YD-6_1,NA
1,email,2_YD-6_2,NA
1,email,2_YD-6_3,1
1,email,2_YD-6_4,NA
1,email,2_YD-6_5,NA
1,email,2_YD-6_6,NA
1,email,2_YD-7,4
1,email,3_YD-2,NA
1,email,3_YD-3_1,NA
1,email,3_YD-3_2,NA
1,email,3_YD-3_3,NA
1,email,3_YD-3_4,NA
1,email,3_YD-3_6,NA
1,email,3_YD-3_5,NA
1,email,3_YD-4_1,NA
1,email,3_YD-4_2,NA
1,email,3_YD-4_3,NA
1,email,3_YD-4_4,NA
1,email,3_YD-4_6,NA
1,email,3_YD-4_5,NA
1,email,3_YD-5,NA
1,email,3_YD-6_1,NA
1,email,3_YD-6_2,NA
1,email,3_YD-6_3,NA
1,email,3_YD-6_4,NA
1,email,3_YD-6_5,NA
1,email,3_YD-6_6,NA
1,email,3_YD-7,NA
1,email,4_YD-2,NA
1,email,4_YD-3_1,NA
1,email,4_YD-3_2,NA
1,email,4_YD-3_3,NA
1,email,4_YD-3_4,NA
1,email,4_YD-3_6,NA
1,email,4_YD-3_5,NA
1,email,4_YD-4_1,NA
1,email,4_YD-4_2,NA
1,email,4_YD-4_3,NA
1,email,4_YD-4_4,NA
1,email,4_YD-4_6,NA
1,email,4_YD-4_5,NA
1,email,4_YD-5,NA
1,email,4_YD-6_1,NA
1,email,4_YD-6_2,NA
1,email,4_YD-6_3,NA
1,email,4_YD-6_4,NA
1,email,4_YD-6_5,NA
1,email,4_YD-6_6,NA
1,email,4_YD-7,NA
1,email,5_YD-2,NA
1,email,5_YD-3_1,NA
1,email,5_YD-3_2,NA
1,email,5_YD-3_3,NA
1,email,5_YD-3_4,NA
1,email,5_YD-3_6,NA
1,email,5_YD-3_5,NA
1,email,5_YD-4_1,NA
1,email,5_YD-4_2,NA
1,email,5_YD-4_3,NA
1,email,5_YD-4_4,NA
1,email,5_YD-4_6,NA
1,email,5_YD-4_5,NA
1,email,5_YD-5,NA
1,email,5_YD-6_1,NA
1,email,5_YD-6_2,NA
1,email,5_YD-6_3,NA
1,email,5_YD-6_4,NA
1,email,5_YD-6_5,NA
1,email,5_YD-6_6,NA
1,email,5_YD-7,NA
1,email,6_YD-2,NA
1,email,6_YD-3_1,NA
1,email,6_YD-3_2,NA
1,email,6_YD-3_3,NA
1,email,6_YD-3_4,NA
1,email,6_YD-3_6,NA
1,email,6_YD-3_5,NA
1,email,6_YD-4_1,NA
1,email,6_YD-4_2,NA
1,email,6_YD-4_3,NA
1,email,6_YD-4_4,NA
1,email,6_YD-4_6,NA
1,email,6_YD-4_5,NA
1,email,6_YD-5,NA
1,email,6_YD-6_1,NA
1,email,6_YD-6_2,NA
1,email,6_YD-6_3,NA
1,email,6_YD-6_4,NA
1,email,6_YD-6_5,NA
1,email,6_YD-6_6,NA
1,email,6_YD-7,NA
1,email,7_YD-2,NA
1,email,7_YD-3_1,NA
1,email,7_YD-3_2,NA
1,email,7_YD-3_3,NA
1,email,7_YD-3_4,NA
1,email,7_YD-3_6,NA
1,email,7_YD-3_5,NA
1,email,7_YD-4_1,NA
1,email,7_YD-4_2,NA
1,email,7_YD-4_3,NA
1,email,7_YD-4_4,NA
1,email,7_YD-4_6,NA
1,email,7_YD-4_5,NA
1,email,7_YD-5,NA
1,email,7_YD-6_1,NA
1,email,7_YD-6_2,NA
1,email,7_YD-6_3,NA
1,email,7_YD-6_4,NA
1,email,7_YD-6_5,NA
1,email,7_YD-6_6,NA
1,email,7_YD-7,NA
1,email,8_YD-2,NA
1,email,8_YD-3_1,NA
1,email,8_YD-3_2,NA
1,email,8_YD-3_3,NA
1,email,8_YD-3_4,NA
1,email,8_YD-3_6,NA
1,email,8_YD-3_5,NA
1,email,8_YD-4_1,NA
1,email,8_YD-4_2,NA
1,email,8_YD-4_3,NA
1,email,8_YD-4_4,NA
1,email,8_YD-4_6,NA
1,email,8_YD-4_5,NA
1,email,8_YD-5,NA
1,email,8_YD-6_1,NA
1,email,8_YD-6_2,NA
1,email,8_YD-6_3,NA
1,email,8_YD-6_4,NA
1,email,8_YD-6_5,NA
1,email,8_YD-6_6,NA
1,email,8_YD-7,NA
