ImportId,qname,qname_main,main,field_no,field_name,q_text,q_code,option1,q_type,q_selector
startDate,StartDate,StartDate,Start Date,NA,NA,NA,NA,NA,NA,NA
endDate,EndDate,EndDate,End Date,NA,NA,NA,NA,NA,NA,NA
status,Status,Status,Response Type,NA,NA,NA,NA,NA,NA,NA
ipAddress,IPAddress,IPAddress,IP Address,NA,NA,NA,NA,NA,NA,NA
progress,Progress,Progress,Progress,NA,NA,NA,NA,NA,NA,NA
duration,Duration (in seconds),Duration (in seconds),Duration (in seconds),NA,NA,NA,NA,NA,NA,NA
finished,Finished,Finished,Finished,NA,NA,NA,NA,NA,NA,NA
recordedDate,RecordedDate,RecordedDate,Recorded Date,NA,NA,NA,NA,NA,NA,NA
,ResponseId,ResponseId,Response ID,NA,NA,NA,NA,NA,NA,NA
recipientLastName,RecipientLastName,RecipientLastName,Recipient Last Name,NA,NA,NA,NA,NA,NA,NA
recipientFirstName,RecipientFirstName,RecipientFirstName,Recipient First Name,NA,NA,NA,NA,NA,NA,NA
recipientEmail,RecipientEmail,RecipientEmail,Recipient Email,NA,NA,NA,NA,NA,NA,NA
externalDataReference,ExternalReference,ExternalReference,External Data Reference,NA,NA,NA,NA,NA,NA,NA
locationLatitude,LocationLatitude,LocationLatitude,Location Latitude,NA,NA,NA,NA,NA,NA,NA
locationLongitude,LocationLongitude,LocationLongitude,Location Longitude,NA,NA,NA,NA,NA,NA,NA
distributionChannel,DistributionChannel,DistributionChannel,Distribution Channel,NA,NA,NA,NA,NA,NA,NA
userLanguage,UserLanguage,UserLanguage,User Language,NA,NA,NA,NA,NA,NA,NA
QID3,Informed Consent,Informed Consent,Protocol Title: “Using collaborative open science tools to improve engagement with the ecology of the Guana River Estuary”,NA,NA,I agree,1,NA,MC,SAVR
QID3,Informed Consent,Informed Consent,Protocol Title: “Using collaborative open science tools to improve engagement with the ecology of the Guana River Estuary”,NA,NA,I do not agree,2,NA,MC,SAVR
QID6,D-1_1,D-1,How are you connected to the Guana Estuary? (check all that apply),NA,NA,"Recreational (fishing, boating, hiking, birding, etc.)",1,NA,MC,MAVR
QID6,D-1_2,D-1,How are you connected to the Guana Estuary? (check all that apply),NA,NA,"Educational (I use the Guana Estuary for educational workshops, field trips, classroom activities, etc.)",2,NA,MC,MAVR
QID6,D-1_3,D-1,How are you connected to the Guana Estuary? (check all that apply),NA,NA,Scientific (I collect/use data about the Guana Estuary),3,NA,MC,MAVR
QID6,D-1_6,D-1,How are you connected to the Guana Estuary? (check all that apply),NA,NA,Work-related (Not research or education),6,NA,MC,MAVR
QID6,D-1_4,D-1,How are you connected to the Guana Estuary? (check all that apply),NA,NA,GTMNERR volunteer,4,NA,MC,MAVR
QID6,D-1_7,D-1,How are you connected to the Guana Estuary? (check all that apply),NA,NA,"“Friends of GTM"" member",7,NA,MC,MAVR
QID6,D-1_5,D-1,How are you connected to the Guana Estuary? (check all that apply),NA,NA,Other (please specify):,5,NA,MC,MAVR
QID6,D-1_5_TEXT,D-1,How are you connected to the Guana Estuary? (check all that apply),NA,NA,Other (please specify):,5,TEXT,MC,MAVR
QID7,D-2,D-2,"How often do you engage with the Guana Estuary, on average?",NA,NA,Daily,1,NA,MC,SAVR
QID7,D-2,D-2,"How often do you engage with the Guana Estuary, on average?",NA,NA,At least once a week,2,NA,MC,SAVR
QID7,D-2,D-2,"How often do you engage with the Guana Estuary, on average?",NA,NA,2-3 times a month,3,NA,MC,SAVR
QID7,D-2,D-2,"How often do you engage with the Guana Estuary, on average?",NA,NA,Once a month,4,NA,MC,SAVR
QID7,D-2,D-2,"How often do you engage with the Guana Estuary, on average?",NA,NA,Once every 6 months,5,NA,MC,SAVR
QID7,D-2,D-2,"How often do you engage with the Guana Estuary, on average?",NA,NA,Once every year,6,NA,MC,SAVR
QID7,D-2,D-2,"How often do you engage with the Guana Estuary, on average?",NA,NA,Less than once a year,7,NA,MC,SAVR
QID8,D-3_1,D-3,"Regardless of whether you can currently access data, what kind of information would or are you generally interested in from the area?



Pick only those that apply, and please rank your selection in order of interest: 1 = most interested in.",NA,NA,Weather information,1,NA,RO,VR
QID8,D-3_2,D-3,"Regardless of whether you can currently access data, what kind of information would or are you generally interested in from the area?



Pick only those that apply, and please rank your selection in order of interest: 1 = most interested in.",NA,NA,Water quality information (including nutrients and algae),2,NA,RO,VR
QID8,D-3_3,D-3,"Regardless of whether you can currently access data, what kind of information would or are you generally interested in from the area?



Pick only those that apply, and please rank your selection in order of interest: 1 = most interested in.",NA,NA,"Water level information (tides, Guana lake, river)",3,NA,RO,VR
QID8,D-3_4,D-3,"Regardless of whether you can currently access data, what kind of information would or are you generally interested in from the area?



Pick only those that apply, and please rank your selection in order of interest: 1 = most interested in.",NA,NA,Reserve or trail closures,4,NA,RO,VR
QID8,D-3_5,D-3,"Regardless of whether you can currently access data, what kind of information would or are you generally interested in from the area?



Pick only those that apply, and please rank your selection in order of interest: 1 = most interested in.",NA,NA,Information on vegetation (salt marsh or uplands),5,NA,RO,VR
QID8,D-3_6,D-3,"Regardless of whether you can currently access data, what kind of information would or are you generally interested in from the area?



Pick only those that apply, and please rank your selection in order of interest: 1 = most interested in.",NA,NA,"Information on fish, shellfish or other aquatic organisms",6,NA,RO,VR
QID8,D-3_7,D-3,"Regardless of whether you can currently access data, what kind of information would or are you generally interested in from the area?



Pick only those that apply, and please rank your selection in order of interest: 1 = most interested in.",NA,NA,Information on terrestrial animals,7,NA,RO,VR
QID8,D-3_8,D-3,"Regardless of whether you can currently access data, what kind of information would or are you generally interested in from the area?



Pick only those that apply, and please rank your selection in order of interest: 1 = most interested in.",NA,NA,None,8,NA,RO,VR
QID8,D-3_9,D-3,"Regardless of whether you can currently access data, what kind of information would or are you generally interested in from the area?



Pick only those that apply, and please rank your selection in order of interest: 1 = most interested in.",NA,NA,Other (please specify),9,NA,RO,VR
QID8,D-3_9_TEXT,D-3,"Regardless of whether you can currently access data, what kind of information would or are you generally interested in from the area?



Pick only those that apply, and please rank your selection in order of interest: 1 = most interested in.",NA,NA,Other (please specify),9,TEXT,RO,VR
QID9,D-4,D-4,"Have you ever accessed data* about the Guana Estuary?



*by ""data"", we mean ""information, especially facts or numbers, collected to be examined and considered and used to help decision-making; or information in an electronic form that can be stored and used by a computer"" for instance spreadsheets, databases, graphs, and maps.",NA,NA,Yes,1,NA,MC,SAVR
QID9,D-4,D-4,"Have you ever accessed data* about the Guana Estuary?



*by ""data"", we mean ""information, especially facts or numbers, collected to be examined and considered and used to help decision-making; or information in an electronic form that can be stored and used by a computer"" for instance spreadsheets, databases, graphs, and maps.",NA,NA,No,2,NA,MC,SAVR
QID10,ND-1,ND-1,"If you had the opportunity to access data in the future, how often would you access or obtain these data?",NA,NA,Daily,1,NA,MC,SAVR
QID10,ND-1,ND-1,"If you had the opportunity to access data in the future, how often would you access or obtain these data?",NA,NA,At least once a week,2,NA,MC,SAVR
QID10,ND-1,ND-1,"If you had the opportunity to access data in the future, how often would you access or obtain these data?",NA,NA,2-3 times a month,3,NA,MC,SAVR
QID10,ND-1,ND-1,"If you had the opportunity to access data in the future, how often would you access or obtain these data?",NA,NA,Once a month,4,NA,MC,SAVR
QID10,ND-1,ND-1,"If you had the opportunity to access data in the future, how often would you access or obtain these data?",NA,NA,Once every 6 months,5,NA,MC,SAVR
QID10,ND-1,ND-1,"If you had the opportunity to access data in the future, how often would you access or obtain these data?",NA,NA,Once every year,6,NA,MC,SAVR
QID10,ND-1,ND-1,"If you had the opportunity to access data in the future, how often would you access or obtain these data?",NA,NA,Less than once a year,7,NA,MC,SAVR
QID10,ND-1,ND-1,"If you had the opportunity to access data in the future, how often would you access or obtain these data?",NA,NA,Never (not interested in accessing data),8,NA,MC,SAVR
QID11,ND-2_1,ND-2,"If you had the opportunity to access data in the future, what would you use these data for? (check all that apply)",NA,NA,Research,1,NA,MC,MAVR
QID11,ND-2_2,ND-2,"If you had the opportunity to access data in the future, what would you use these data for? (check all that apply)",NA,NA,Educational purposes,2,NA,MC,MAVR
QID11,ND-2_3,ND-2,"If you had the opportunity to access data in the future, what would you use these data for? (check all that apply)",NA,NA,Work-related purposes (not research or education),3,NA,MC,MAVR
QID11,ND-2_4,ND-2,"If you had the opportunity to access data in the future, what would you use these data for? (check all that apply)",NA,NA,Decision making (recreational/educational/scientific visits),4,NA,MC,MAVR
QID11,ND-2_5,ND-2,"If you had the opportunity to access data in the future, what would you use these data for? (check all that apply)",NA,NA,Monitoring,5,NA,MC,MAVR
QID11,ND-2_6,ND-2,"If you had the opportunity to access data in the future, what would you use these data for? (check all that apply)",NA,NA,No specific use: curiosity,6,NA,MC,MAVR
QID11,ND-2_7,ND-2,"If you had the opportunity to access data in the future, what would you use these data for? (check all that apply)",NA,NA,Other (please specify),7,NA,MC,MAVR
QID11,ND-2_7_TEXT,ND-2,"If you had the opportunity to access data in the future, what would you use these data for? (check all that apply)",NA,NA,Other (please specify),7,TEXT,MC,MAVR
QID23,T-1_1,T-1,"Once this dashboard has been developed, how would you prefer to access it? (check all that apply)",NA,NA,Computer,1,NA,MC,MAVR
QID23,T-1_2,T-1,"Once this dashboard has been developed, how would you prefer to access it? (check all that apply)",NA,NA,Mobile phone,2,NA,MC,MAVR
QID23,T-1_3,T-1,"Once this dashboard has been developed, how would you prefer to access it? (check all that apply)",NA,NA,Tablet,3,NA,MC,MAVR
QID23,T-1_4,T-1,"Once this dashboard has been developed, how would you prefer to access it? (check all that apply)",NA,NA,Other (please specify),4,NA,MC,MAVR
QID23,T-1_4_TEXT,T-1,"Once this dashboard has been developed, how would you prefer to access it? (check all that apply)",NA,NA,Other (please specify),4,TEXT,MC,MAVR
QID25,T-2_1,T-2,"What type of information would you want to see on the dashboard? 

Pick all those that apply, and please rank your selection in order of interest: 1 = would want to see most.",NA,NA,Historical data (older than 1 year),1,NA,RO,VR
QID25,T-2_2,T-2,"What type of information would you want to see on the dashboard? 

Pick all those that apply, and please rank your selection in order of interest: 1 = would want to see most.",NA,NA,Recent data (within the last year),2,NA,RO,VR
QID25,T-2_3,T-2,"What type of information would you want to see on the dashboard? 

Pick all those that apply, and please rank your selection in order of interest: 1 = would want to see most.",NA,NA,Current data (within the last month),3,NA,RO,VR
QID25,T-2_4,T-2,"What type of information would you want to see on the dashboard? 

Pick all those that apply, and please rank your selection in order of interest: 1 = would want to see most.",NA,NA,Current conditions (today),4,NA,RO,VR
QID25,T-2_7,T-2,"What type of information would you want to see on the dashboard? 

Pick all those that apply, and please rank your selection in order of interest: 1 = would want to see most.",NA,NA,Not sure,7,NA,RO,VR
QID25,T-2_8,T-2,"What type of information would you want to see on the dashboard? 

Pick all those that apply, and please rank your selection in order of interest: 1 = would want to see most.",NA,NA,Other (please specify),8,NA,RO,VR
QID25,T-2_8_TEXT,T-2,"What type of information would you want to see on the dashboard? 

Pick all those that apply, and please rank your selection in order of interest: 1 = would want to see most.",NA,NA,Other (please specify),8,TEXT,RO,VR
QID49,T-3_5,T-3,"What form of information would you want to see on the dashboard? 

Pick all those that apply, and please rank your selection in order of interest: 1 = would want to see most.",NA,NA,"Non-aggregated data (meaning: ""raw"" data, no summaries)",5,NA,RO,VR
QID49,T-3_6,T-3,"What form of information would you want to see on the dashboard? 

Pick all those that apply, and please rank your selection in order of interest: 1 = would want to see most.",NA,NA,"Aggregated data, summarized for time periods",6,NA,RO,VR
QID49,T-3_9,T-3,"What form of information would you want to see on the dashboard? 

Pick all those that apply, and please rank your selection in order of interest: 1 = would want to see most.",NA,NA,"Aggregated data, summarized for locations",9,NA,RO,VR
QID49,T-3_7,T-3,"What form of information would you want to see on the dashboard? 

Pick all those that apply, and please rank your selection in order of interest: 1 = would want to see most.",NA,NA,Not sure,7,NA,RO,VR
QID49,T-3_8,T-3,"What form of information would you want to see on the dashboard? 

Pick all those that apply, and please rank your selection in order of interest: 1 = would want to see most.",NA,NA,Other (please specify),8,NA,RO,VR
QID49,T-3_8_TEXT,T-3,"What form of information would you want to see on the dashboard? 

Pick all those that apply, and please rank your selection in order of interest: 1 = would want to see most.",NA,NA,Other (please specify),8,TEXT,RO,VR
QID24,T-4_1,T-4,"What format of data delivery would suit your needs best? 

Pick all those that apply, and please rank your selection: 1 = would suit my needs best.",NA,NA,"Data downloads (for instance text or comma-delimited files, spreadsheets)",1,NA,RO,VR
QID24,T-4_2,T-4,"What format of data delivery would suit your needs best? 

Pick all those that apply, and please rank your selection: 1 = would suit my needs best.",NA,NA,Tables online,2,NA,RO,VR
QID24,T-4_3,T-4,"What format of data delivery would suit your needs best? 

Pick all those that apply, and please rank your selection: 1 = would suit my needs best.",NA,NA,Figures or plots,3,NA,RO,VR
QID24,T-4_4,T-4,"What format of data delivery would suit your needs best? 

Pick all those that apply, and please rank your selection: 1 = would suit my needs best.",NA,NA,Maps,4,NA,RO,VR
QID24,T-4_5,T-4,"What format of data delivery would suit your needs best? 

Pick all those that apply, and please rank your selection: 1 = would suit my needs best.",NA,NA,Not sure,5,NA,RO,VR
QID24,T-4_6,T-4,"What format of data delivery would suit your needs best? 

Pick all those that apply, and please rank your selection: 1 = would suit my needs best.",NA,NA,Other (please specify),6,NA,RO,VR
QID24,T-4_6_TEXT,T-4,"What format of data delivery would suit your needs best? 

Pick all those that apply, and please rank your selection: 1 = would suit my needs best.",NA,NA,Other (please specify),6,TEXT,RO,VR
QID48,TR-0,TR-0,"Are you part of the stakeholder group that was invited to participate in the project kick-off meetings in November and December 2022 (If you are unsure, click ""No"". If you were invited but could not make it, click ""Yes"").",NA,NA,Yes,1,NA,MC,SAVR
QID48,TR-0,TR-0,"Are you part of the stakeholder group that was invited to participate in the project kick-off meetings in November and December 2022 (If you are unsure, click ""No"". If you were invited but could not make it, click ""Yes"").",NA,NA,No,2,NA,MC,SAVR
QID33,TR-1,TR-1,How much do you trust the UF project team to build a dashboard that meets your needs?,NA,NA,Not at all,1,NA,MC,SAVR
QID33,TR-1,TR-1,How much do you trust the UF project team to build a dashboard that meets your needs?,NA,NA,Not very much,2,NA,MC,SAVR
QID33,TR-1,TR-1,How much do you trust the UF project team to build a dashboard that meets your needs?,NA,NA,Somewhat,3,NA,MC,SAVR
QID33,TR-1,TR-1,How much do you trust the UF project team to build a dashboard that meets your needs?,NA,NA,Very much,4,NA,MC,SAVR
QID34,TR-2,TR-2,To what extent do you believe that the abilities and technical expertise of the UF project team make them capable of building a dashboard that meets your needs?,NA,NA,Not at all capable,1,NA,MC,SAVR
QID34,TR-2,TR-2,To what extent do you believe that the abilities and technical expertise of the UF project team make them capable of building a dashboard that meets your needs?,NA,NA,Not very capable,2,NA,MC,SAVR
QID34,TR-2,TR-2,To what extent do you believe that the abilities and technical expertise of the UF project team make them capable of building a dashboard that meets your needs?,NA,NA,Somewhat capable,3,NA,MC,SAVR
QID34,TR-2,TR-2,To what extent do you believe that the abilities and technical expertise of the UF project team make them capable of building a dashboard that meets your needs?,NA,NA,Very capable,4,NA,MC,SAVR
QID35,TR-3_1,TR-3,"To date, please indicate your level of satisfaction with:",NA,NA,Extremely dissatisfied,9,NA,Matrix,Likert
QID35,TR-3_1,TR-3,"To date, please indicate your level of satisfaction with:",NA,NA,Somewhat dissatisfied,10,NA,Matrix,Likert
QID35,TR-3_1,TR-3,"To date, please indicate your level of satisfaction with:",NA,NA,Neither satisfied nor dissatisfied,11,NA,Matrix,Likert
QID35,TR-3_1,TR-3,"To date, please indicate your level of satisfaction with:",NA,NA,Somewhat satisfied,12,NA,Matrix,Likert
QID35,TR-3_1,TR-3,"To date, please indicate your level of satisfaction with:",NA,NA,Extremely satisfied,13,NA,Matrix,Likert
QID35,TR-3_2,TR-3,"To date, please indicate your level of satisfaction with:",NA,NA,Extremely dissatisfied,9,NA,Matrix,Likert
QID35,TR-3_2,TR-3,"To date, please indicate your level of satisfaction with:",NA,NA,Somewhat dissatisfied,10,NA,Matrix,Likert
QID35,TR-3_2,TR-3,"To date, please indicate your level of satisfaction with:",NA,NA,Neither satisfied nor dissatisfied,11,NA,Matrix,Likert
QID35,TR-3_2,TR-3,"To date, please indicate your level of satisfaction with:",NA,NA,Somewhat satisfied,12,NA,Matrix,Likert
QID35,TR-3_2,TR-3,"To date, please indicate your level of satisfaction with:",NA,NA,Extremely satisfied,13,NA,Matrix,Likert
QID35,TR-3_3,TR-3,"To date, please indicate your level of satisfaction with:",NA,NA,Extremely dissatisfied,9,NA,Matrix,Likert
QID35,TR-3_3,TR-3,"To date, please indicate your level of satisfaction with:",NA,NA,Somewhat dissatisfied,10,NA,Matrix,Likert
QID35,TR-3_3,TR-3,"To date, please indicate your level of satisfaction with:",NA,NA,Neither satisfied nor dissatisfied,11,NA,Matrix,Likert
QID35,TR-3_3,TR-3,"To date, please indicate your level of satisfaction with:",NA,NA,Somewhat satisfied,12,NA,Matrix,Likert
QID35,TR-3_3,TR-3,"To date, please indicate your level of satisfaction with:",NA,NA,Extremely satisfied,13,NA,Matrix,Likert
QID35,TR-3_4,TR-3,"To date, please indicate your level of satisfaction with:",NA,NA,Extremely dissatisfied,9,NA,Matrix,Likert
QID35,TR-3_4,TR-3,"To date, please indicate your level of satisfaction with:",NA,NA,Somewhat dissatisfied,10,NA,Matrix,Likert
QID35,TR-3_4,TR-3,"To date, please indicate your level of satisfaction with:",NA,NA,Neither satisfied nor dissatisfied,11,NA,Matrix,Likert
QID35,TR-3_4,TR-3,"To date, please indicate your level of satisfaction with:",NA,NA,Somewhat satisfied,12,NA,Matrix,Likert
QID35,TR-3_4,TR-3,"To date, please indicate your level of satisfaction with:",NA,NA,Extremely satisfied,13,NA,Matrix,Likert
QID35,TR-3_5,TR-3,"To date, please indicate your level of satisfaction with:",NA,NA,Extremely dissatisfied,9,NA,Matrix,Likert
QID35,TR-3_5,TR-3,"To date, please indicate your level of satisfaction with:",NA,NA,Somewhat dissatisfied,10,NA,Matrix,Likert
QID35,TR-3_5,TR-3,"To date, please indicate your level of satisfaction with:",NA,NA,Neither satisfied nor dissatisfied,11,NA,Matrix,Likert
QID35,TR-3_5,TR-3,"To date, please indicate your level of satisfaction with:",NA,NA,Somewhat satisfied,12,NA,Matrix,Likert
QID35,TR-3_5,TR-3,"To date, please indicate your level of satisfaction with:",NA,NA,Extremely satisfied,13,NA,Matrix,Likert
QID36,TR-4_1,TR-4,Please indicate the extent to which you agree or disagree with the following statements about the UF project team:,NA,NA,Strongly disagree,4,NA,Matrix,Likert
QID36,TR-4_1,TR-4,Please indicate the extent to which you agree or disagree with the following statements about the UF project team:,NA,NA,Somewhat disagree,5,NA,Matrix,Likert
QID36,TR-4_1,TR-4,Please indicate the extent to which you agree or disagree with the following statements about the UF project team:,NA,NA,Neither agree nor disagree,6,NA,Matrix,Likert
QID36,TR-4_1,TR-4,Please indicate the extent to which you agree or disagree with the following statements about the UF project team:,NA,NA,Somewhat agree,7,NA,Matrix,Likert
QID36,TR-4_1,TR-4,Please indicate the extent to which you agree or disagree with the following statements about the UF project team:,NA,NA,Strongly agree,8,NA,Matrix,Likert
QID36,TR-4_2,TR-4,Please indicate the extent to which you agree or disagree with the following statements about the UF project team:,NA,NA,Strongly disagree,4,NA,Matrix,Likert
QID36,TR-4_2,TR-4,Please indicate the extent to which you agree or disagree with the following statements about the UF project team:,NA,NA,Somewhat disagree,5,NA,Matrix,Likert
QID36,TR-4_2,TR-4,Please indicate the extent to which you agree or disagree with the following statements about the UF project team:,NA,NA,Neither agree nor disagree,6,NA,Matrix,Likert
QID36,TR-4_2,TR-4,Please indicate the extent to which you agree or disagree with the following statements about the UF project team:,NA,NA,Somewhat agree,7,NA,Matrix,Likert
QID36,TR-4_2,TR-4,Please indicate the extent to which you agree or disagree with the following statements about the UF project team:,NA,NA,Strongly agree,8,NA,Matrix,Likert
QID36,TR-4_3,TR-4,Please indicate the extent to which you agree or disagree with the following statements about the UF project team:,NA,NA,Strongly disagree,4,NA,Matrix,Likert
QID36,TR-4_3,TR-4,Please indicate the extent to which you agree or disagree with the following statements about the UF project team:,NA,NA,Somewhat disagree,5,NA,Matrix,Likert
QID36,TR-4_3,TR-4,Please indicate the extent to which you agree or disagree with the following statements about the UF project team:,NA,NA,Neither agree nor disagree,6,NA,Matrix,Likert
QID36,TR-4_3,TR-4,Please indicate the extent to which you agree or disagree with the following statements about the UF project team:,NA,NA,Somewhat agree,7,NA,Matrix,Likert
QID36,TR-4_3,TR-4,Please indicate the extent to which you agree or disagree with the following statements about the UF project team:,NA,NA,Strongly agree,8,NA,Matrix,Likert
QID36,TR-4_4,TR-4,Please indicate the extent to which you agree or disagree with the following statements about the UF project team:,NA,NA,Strongly disagree,4,NA,Matrix,Likert
QID36,TR-4_4,TR-4,Please indicate the extent to which you agree or disagree with the following statements about the UF project team:,NA,NA,Somewhat disagree,5,NA,Matrix,Likert
QID36,TR-4_4,TR-4,Please indicate the extent to which you agree or disagree with the following statements about the UF project team:,NA,NA,Neither agree nor disagree,6,NA,Matrix,Likert
QID36,TR-4_4,TR-4,Please indicate the extent to which you agree or disagree with the following statements about the UF project team:,NA,NA,Somewhat agree,7,NA,Matrix,Likert
QID36,TR-4_4,TR-4,Please indicate the extent to which you agree or disagree with the following statements about the UF project team:,NA,NA,Strongly agree,8,NA,Matrix,Likert
QID36,TR-4_5,TR-4,Please indicate the extent to which you agree or disagree with the following statements about the UF project team:,NA,NA,Strongly disagree,4,NA,Matrix,Likert
QID36,TR-4_5,TR-4,Please indicate the extent to which you agree or disagree with the following statements about the UF project team:,NA,NA,Somewhat disagree,5,NA,Matrix,Likert
QID36,TR-4_5,TR-4,Please indicate the extent to which you agree or disagree with the following statements about the UF project team:,NA,NA,Neither agree nor disagree,6,NA,Matrix,Likert
QID36,TR-4_5,TR-4,Please indicate the extent to which you agree or disagree with the following statements about the UF project team:,NA,NA,Somewhat agree,7,NA,Matrix,Likert
QID36,TR-4_5,TR-4,Please indicate the extent to which you agree or disagree with the following statements about the UF project team:,NA,NA,Strongly agree,8,NA,Matrix,Likert
QID36,TR-4_6,TR-4,Please indicate the extent to which you agree or disagree with the following statements about the UF project team:,NA,NA,Strongly disagree,4,NA,Matrix,Likert
QID36,TR-4_6,TR-4,Please indicate the extent to which you agree or disagree with the following statements about the UF project team:,NA,NA,Somewhat disagree,5,NA,Matrix,Likert
QID36,TR-4_6,TR-4,Please indicate the extent to which you agree or disagree with the following statements about the UF project team:,NA,NA,Neither agree nor disagree,6,NA,Matrix,Likert
QID36,TR-4_6,TR-4,Please indicate the extent to which you agree or disagree with the following statements about the UF project team:,NA,NA,Somewhat agree,7,NA,Matrix,Likert
QID36,TR-4_6,TR-4,Please indicate the extent to which you agree or disagree with the following statements about the UF project team:,NA,NA,Strongly agree,8,NA,Matrix,Likert
QID36,TR-4_7,TR-4,Please indicate the extent to which you agree or disagree with the following statements about the UF project team:,NA,NA,Strongly disagree,4,NA,Matrix,Likert
QID36,TR-4_7,TR-4,Please indicate the extent to which you agree or disagree with the following statements about the UF project team:,NA,NA,Somewhat disagree,5,NA,Matrix,Likert
QID36,TR-4_7,TR-4,Please indicate the extent to which you agree or disagree with the following statements about the UF project team:,NA,NA,Neither agree nor disagree,6,NA,Matrix,Likert
QID36,TR-4_7,TR-4,Please indicate the extent to which you agree or disagree with the following statements about the UF project team:,NA,NA,Somewhat agree,7,NA,Matrix,Likert
QID36,TR-4_7,TR-4,Please indicate the extent to which you agree or disagree with the following statements about the UF project team:,NA,NA,Strongly agree,8,NA,Matrix,Likert
QID38,TR-5,TR-5,"In general, how well do you think the scientific community in general does in engaging with local communities?",NA,NA,Terribly,9,NA,MC,SAVR
QID38,TR-5,TR-5,"In general, how well do you think the scientific community in general does in engaging with local communities?",NA,NA,Poorly,10,NA,MC,SAVR
QID38,TR-5,TR-5,"In general, how well do you think the scientific community in general does in engaging with local communities?",NA,NA,Average,11,NA,MC,SAVR
QID38,TR-5,TR-5,"In general, how well do you think the scientific community in general does in engaging with local communities?",NA,NA,Well,12,NA,MC,SAVR
QID38,TR-5,TR-5,"In general, how well do you think the scientific community in general does in engaging with local communities?",NA,NA,Very well,13,NA,MC,SAVR
QID40,TR-6,TR-6,How well do you think this project has done in engaging with the local community?,NA,NA,Terribly,9,NA,MC,SAVR
QID40,TR-6,TR-6,How well do you think this project has done in engaging with the local community?,NA,NA,Poorly,10,NA,MC,SAVR
QID40,TR-6,TR-6,How well do you think this project has done in engaging with the local community?,NA,NA,Average,11,NA,MC,SAVR
QID40,TR-6,TR-6,How well do you think this project has done in engaging with the local community?,NA,NA,Well,12,NA,MC,SAVR
QID40,TR-6,TR-6,How well do you think this project has done in engaging with the local community?,NA,NA,Very well,13,NA,MC,SAVR
QID26,F-1,F-1,Would you be interested in giving (further) input for the project?,NA,NA,Yes,1,NA,MC,SAVR
QID26,F-1,F-1,Would you be interested in giving (further) input for the project?,NA,NA,Maybe,2,NA,MC,SAVR
QID26,F-1,F-1,Would you be interested in giving (further) input for the project?,NA,NA,No,3,NA,MC,SAVR
QID28,F-2_1,F-2,What would be your preferred method of giving us feedback and input? (check all that apply),NA,NA,Participate in meetings to aid the development of the dashboard,1,NA,MC,MAVR
QID28,F-2_2,F-2,What would be your preferred method of giving us feedback and input? (check all that apply),NA,NA,Participate in additional online surveys related to the development of the dashboard,2,NA,MC,MAVR
QID28,F-2_3,F-2,What would be your preferred method of giving us feedback and input? (check all that apply),NA,NA,Participate in testing and evaluating the dashboard,3,NA,MC,MAVR
QID29,F-3,F-3,"Although you do not want to give further input on the project, would you like to receive email updates?",NA,NA,Yes,1,NA,MC,SAVR
QID29,F-3,F-3,"Although you do not want to give further input on the project, would you like to receive email updates?",NA,NA,No,2,NA,MC,SAVR
QID30,F-4,F-4,What is your email address?,NA,NA,NA,NA,NA,NA,NA
QID12,DE-1,DE-1,"What is your primary occupation (if retired, what was your primary occupation)?",NA,NA,NA,NA,NA,NA,NA
QID13,DE-2,DE-2,What is your age?,NA,NA,Under 18,1,NA,MC,SAVR
QID13,DE-2,DE-2,What is your age?,NA,NA,18 - 24,2,NA,MC,SAVR
QID13,DE-2,DE-2,What is your age?,NA,NA,25 - 34,3,NA,MC,SAVR
QID13,DE-2,DE-2,What is your age?,NA,NA,35 - 44,4,NA,MC,SAVR
QID13,DE-2,DE-2,What is your age?,NA,NA,45 - 54,5,NA,MC,SAVR
QID13,DE-2,DE-2,What is your age?,NA,NA,55 - 64,6,NA,MC,SAVR
QID13,DE-2,DE-2,What is your age?,NA,NA,65 or over,7,NA,MC,SAVR
QID13,DE-2,DE-2,What is your age?,NA,NA,Prefer not to answer,8,NA,MC,SAVR
QID14,DE-3,DE-3,What gender do you identify with?,NA,NA,Female,1,NA,MC,SAVR
QID14,DE-3,DE-3,What gender do you identify with?,NA,NA,Male,2,NA,MC,SAVR
QID14,DE-3,DE-3,What gender do you identify with?,NA,NA,Non-binary / other,3,NA,MC,SAVR
QID14,DE-3,DE-3,What gender do you identify with?,NA,NA,Prefer not to answer,4,NA,MC,SAVR
QID15,DE-4,DE-4,What is the driving time from your primary residence to the GTMNERR Visitor Center (505 Guana River Rd) on average?,NA,NA,10 minutes or less,1,NA,MC,SAVR
QID15,DE-4,DE-4,What is the driving time from your primary residence to the GTMNERR Visitor Center (505 Guana River Rd) on average?,NA,NA,11 - 30 minutes,2,NA,MC,SAVR
QID15,DE-4,DE-4,What is the driving time from your primary residence to the GTMNERR Visitor Center (505 Guana River Rd) on average?,NA,NA,31 – 60 minutes,3,NA,MC,SAVR
QID15,DE-4,DE-4,What is the driving time from your primary residence to the GTMNERR Visitor Center (505 Guana River Rd) on average?,NA,NA,Greater than 60 minutes,4,NA,MC,SAVR
QID16,YD-1_6,YD-1,"What Guana Estuary data do you currently use, or have you used in the past? (check all that apply)",NA,NA,"Information on fish, shellfish or other aquatic organisms",6,NA,MC,MAVR
QID16,YD-1_7,YD-1,"What Guana Estuary data do you currently use, or have you used in the past? (check all that apply)",NA,NA,Information on terrestrial animals,7,NA,MC,MAVR
QID16,YD-1_5,YD-1,"What Guana Estuary data do you currently use, or have you used in the past? (check all that apply)",NA,NA,Information on vegetation (salt marsh or uplands),5,NA,MC,MAVR
QID16,YD-1_4,YD-1,"What Guana Estuary data do you currently use, or have you used in the past? (check all that apply)",NA,NA,Reserve or trail closures,4,NA,MC,MAVR
QID16,YD-1_3,YD-1,"What Guana Estuary data do you currently use, or have you used in the past? (check all that apply)",NA,NA,"Water level information (tides, Guana lake, river)",3,NA,MC,MAVR
QID16,YD-1_2,YD-1,"What Guana Estuary data do you currently use, or have you used in the past? (check all that apply)",NA,NA,Water quality information (including nutrients and algae),2,NA,MC,MAVR
QID16,YD-1_1,YD-1,"What Guana Estuary data do you currently use, or have you used in the past? (check all that apply)",NA,NA,Weather information,1,NA,MC,MAVR
QID16,YD-1_8,YD-1,"What Guana Estuary data do you currently use, or have you used in the past? (check all that apply)",NA,NA,Other (please specify),8,NA,MC,MAVR
QID16,YD-1_8_TEXT,YD-1,"What Guana Estuary data do you currently use, or have you used in the past? (check all that apply)",NA,NA,Other (please specify),8,TEXT,MC,MAVR
QID17,1_YD-2,YD-2,How do you most frequently obtain or access Guana Estuary data on [Field-1]?,1,Weather information,Request from a GTMNERR staff member by email,1,NA,MC,SAVR
QID17,1_YD-2,YD-2,How do you most frequently obtain or access Guana Estuary data on [Field-1]?,1,Weather information,"Download from website (If so, what website?)",2,NA,MC,SAVR
QID17,1_YD-2,YD-2,How do you most frequently obtain or access Guana Estuary data on [Field-1]?,1,Weather information,Pick-up paper copy in person,3,NA,MC,SAVR
QID17,1_YD-2,YD-2,How do you most frequently obtain or access Guana Estuary data on [Field-1]?,1,Weather information,Other (please specify),4,NA,MC,SAVR
QID17,1_YD-2_2_TEXT,YD-2,How do you most frequently obtain or access Guana Estuary data on [Field-1]?,1,Weather information,"Download from website (If so, what website?)",2,TEXT,MC,SAVR
QID17,1_YD-2_4_TEXT,YD-2,How do you most frequently obtain or access Guana Estuary data on [Field-1]?,1,Weather information,Other (please specify),4,TEXT,MC,SAVR
QID18,1_YD-3_1,YD-3,What are the advantages of this primary method of accessing or obtaining Guana Estuary data on [Field-1]? (check all that apply),1,Weather information,Easy/convenient to access,1,NA,MC,MAVR
QID18,1_YD-3_2,YD-3,What are the advantages of this primary method of accessing or obtaining Guana Estuary data on [Field-1]? (check all that apply),1,Weather information,Data is received quickly after request,2,NA,MC,MAVR
QID18,1_YD-3_3,YD-3,What are the advantages of this primary method of accessing or obtaining Guana Estuary data on [Field-1]? (check all that apply),1,Weather information,Requesting the data is quick,3,NA,MC,MAVR
QID18,1_YD-3_4,YD-3,What are the advantages of this primary method of accessing or obtaining Guana Estuary data on [Field-1]? (check all that apply),1,Weather information,The format the data are delivered / accessed in is useful,4,NA,MC,MAVR
QID18,1_YD-3_6,YD-3,What are the advantages of this primary method of accessing or obtaining Guana Estuary data on [Field-1]? (check all that apply),1,Weather information,There are no advantages,6,NA,MC,MAVR
QID18,1_YD-3_5,YD-3,What are the advantages of this primary method of accessing or obtaining Guana Estuary data on [Field-1]? (check all that apply),1,Weather information,Other (please specify),5,NA,MC,MAVR
QID18,1_YD-3_5_TEXT,YD-3,What are the advantages of this primary method of accessing or obtaining Guana Estuary data on [Field-1]? (check all that apply),1,Weather information,Other (please specify),5,TEXT,MC,MAVR
QID19,1_YD-4_1,YD-4,What are the disadvantages of the primary method of accessing or obtaining Guana Estuary data on [Field-1]? (check all that apply),1,Weather information,Difficult/Complicated to access,1,NA,MC,MAVR
QID19,1_YD-4_2,YD-4,What are the disadvantages of the primary method of accessing or obtaining Guana Estuary data on [Field-1]? (check all that apply),1,Weather information,Slow to receive,2,NA,MC,MAVR
QID19,1_YD-4_3,YD-4,What are the disadvantages of the primary method of accessing or obtaining Guana Estuary data on [Field-1]? (check all that apply),1,Weather information,Time consuming to request,3,NA,MC,MAVR
QID19,1_YD-4_4,YD-4,What are the disadvantages of the primary method of accessing or obtaining Guana Estuary data on [Field-1]? (check all that apply),1,Weather information,The format the data are delivered / accessed in is not user-friendly,4,NA,MC,MAVR
QID19,1_YD-4_6,YD-4,What are the disadvantages of the primary method of accessing or obtaining Guana Estuary data on [Field-1]? (check all that apply),1,Weather information,There are no disadvantages,6,NA,MC,MAVR
QID19,1_YD-4_5,YD-4,What are the disadvantages of the primary method of accessing or obtaining Guana Estuary data on [Field-1]? (check all that apply),1,Weather information,Other (please specify),5,NA,MC,MAVR
QID19,1_YD-4_5_TEXT,YD-4,What are the disadvantages of the primary method of accessing or obtaining Guana Estuary data on [Field-1]? (check all that apply),1,Weather information,Other (please specify),5,TEXT,MC,MAVR
QID20,1_YD-5,YD-5,How often do/did you access or obtain Guana Estuary data on [Field-1]?,1,Weather information,Daily,1,NA,MC,SAVR
QID20,1_YD-5,YD-5,How often do/did you access or obtain Guana Estuary data on [Field-1]?,1,Weather information,At least once a week,2,NA,MC,SAVR
QID20,1_YD-5,YD-5,How often do/did you access or obtain Guana Estuary data on [Field-1]?,1,Weather information,2-3 times a month,3,NA,MC,SAVR
QID20,1_YD-5,YD-5,How often do/did you access or obtain Guana Estuary data on [Field-1]?,1,Weather information,Once a month,4,NA,MC,SAVR
QID20,1_YD-5,YD-5,How often do/did you access or obtain Guana Estuary data on [Field-1]?,1,Weather information,Once every 6 months,5,NA,MC,SAVR
QID20,1_YD-5,YD-5,How often do/did you access or obtain Guana Estuary data on [Field-1]?,1,Weather information,Once every year,6,NA,MC,SAVR
QID20,1_YD-5,YD-5,How often do/did you access or obtain Guana Estuary data on [Field-1]?,1,Weather information,Less than once a year,7,NA,MC,SAVR
QID21,1_YD-6_1,YD-6,What do you typically use Guana Estuary data on [Field-1] for? (check all that apply),1,Weather information,Research,1,NA,MC,MAVR
QID21,1_YD-6_2,YD-6,What do you typically use Guana Estuary data on [Field-1] for? (check all that apply),1,Weather information,Educational purposes,2,NA,MC,MAVR
QID21,1_YD-6_3,YD-6,What do you typically use Guana Estuary data on [Field-1] for? (check all that apply),1,Weather information,Work-related purposes (not research or education),3,NA,MC,MAVR
QID21,1_YD-6_4,YD-6,What do you typically use Guana Estuary data on [Field-1] for? (check all that apply),1,Weather information,Decision making (for recreational/educational/scientific visits),4,NA,MC,MAVR
QID21,1_YD-6_5,YD-6,What do you typically use Guana Estuary data on [Field-1] for? (check all that apply),1,Weather information,Monitoring,5,NA,MC,MAVR
QID21,1_YD-6_6,YD-6,What do you typically use Guana Estuary data on [Field-1] for? (check all that apply),1,Weather information,Other (please specify),6,NA,MC,MAVR
QID21,1_YD-6_6_TEXT,YD-6,What do you typically use Guana Estuary data on [Field-1] for? (check all that apply),1,Weather information,Other (please specify),6,TEXT,MC,MAVR
QID22,1_YD-7,YD-7,How well do Guana Estuary data on [Field-1] generally satisfy your need(s)?,1,Weather information,Not well at all,1,NA,MC,SAVR
QID22,1_YD-7,YD-7,How well do Guana Estuary data on [Field-1] generally satisfy your need(s)?,1,Weather information,Slightly well,2,NA,MC,SAVR
QID22,1_YD-7,YD-7,How well do Guana Estuary data on [Field-1] generally satisfy your need(s)?,1,Weather information,Moderately well,3,NA,MC,SAVR
QID22,1_YD-7,YD-7,How well do Guana Estuary data on [Field-1] generally satisfy your need(s)?,1,Weather information,Very well,4,NA,MC,SAVR
QID22,1_YD-7,YD-7,How well do Guana Estuary data on [Field-1] generally satisfy your need(s)?,1,Weather information,Extremely well,5,NA,MC,SAVR
QID17,2_YD-2,YD-2,How do you most frequently obtain or access Guana Estuary data on [Field-1]?,2,Water quality information (including nutrients and algae),Request from a GTMNERR staff member by email,1,NA,MC,SAVR
QID17,2_YD-2,YD-2,How do you most frequently obtain or access Guana Estuary data on [Field-1]?,2,Water quality information (including nutrients and algae),"Download from website (If so, what website?)",2,NA,MC,SAVR
QID17,2_YD-2,YD-2,How do you most frequently obtain or access Guana Estuary data on [Field-1]?,2,Water quality information (including nutrients and algae),Pick-up paper copy in person,3,NA,MC,SAVR
QID17,2_YD-2,YD-2,How do you most frequently obtain or access Guana Estuary data on [Field-1]?,2,Water quality information (including nutrients and algae),Other (please specify),4,NA,MC,SAVR
QID17,2_YD-2_2_TEXT,YD-2,How do you most frequently obtain or access Guana Estuary data on [Field-1]?,2,Water quality information (including nutrients and algae),"Download from website (If so, what website?)",2,TEXT,MC,SAVR
QID17,2_YD-2_4_TEXT,YD-2,How do you most frequently obtain or access Guana Estuary data on [Field-1]?,2,Water quality information (including nutrients and algae),Other (please specify),4,TEXT,MC,SAVR
QID18,2_YD-3_1,YD-3,What are the advantages of this primary method of accessing or obtaining Guana Estuary data on [Field-1]? (check all that apply),2,Water quality information (including nutrients and algae),Easy/convenient to access,1,NA,MC,MAVR
QID18,2_YD-3_2,YD-3,What are the advantages of this primary method of accessing or obtaining Guana Estuary data on [Field-1]? (check all that apply),2,Water quality information (including nutrients and algae),Data is received quickly after request,2,NA,MC,MAVR
QID18,2_YD-3_3,YD-3,What are the advantages of this primary method of accessing or obtaining Guana Estuary data on [Field-1]? (check all that apply),2,Water quality information (including nutrients and algae),Requesting the data is quick,3,NA,MC,MAVR
QID18,2_YD-3_4,YD-3,What are the advantages of this primary method of accessing or obtaining Guana Estuary data on [Field-1]? (check all that apply),2,Water quality information (including nutrients and algae),The format the data are delivered / accessed in is useful,4,NA,MC,MAVR
QID18,2_YD-3_6,YD-3,What are the advantages of this primary method of accessing or obtaining Guana Estuary data on [Field-1]? (check all that apply),2,Water quality information (including nutrients and algae),There are no advantages,6,NA,MC,MAVR
QID18,2_YD-3_5,YD-3,What are the advantages of this primary method of accessing or obtaining Guana Estuary data on [Field-1]? (check all that apply),2,Water quality information (including nutrients and algae),Other (please specify),5,NA,MC,MAVR
QID18,2_YD-3_5_TEXT,YD-3,What are the advantages of this primary method of accessing or obtaining Guana Estuary data on [Field-1]? (check all that apply),2,Water quality information (including nutrients and algae),Other (please specify),5,TEXT,MC,MAVR
QID19,2_YD-4_1,YD-4,What are the disadvantages of the primary method of accessing or obtaining Guana Estuary data on [Field-1]? (check all that apply),2,Water quality information (including nutrients and algae),Difficult/Complicated to access,1,NA,MC,MAVR
QID19,2_YD-4_2,YD-4,What are the disadvantages of the primary method of accessing or obtaining Guana Estuary data on [Field-1]? (check all that apply),2,Water quality information (including nutrients and algae),Slow to receive,2,NA,MC,MAVR
QID19,2_YD-4_3,YD-4,What are the disadvantages of the primary method of accessing or obtaining Guana Estuary data on [Field-1]? (check all that apply),2,Water quality information (including nutrients and algae),Time consuming to request,3,NA,MC,MAVR
QID19,2_YD-4_4,YD-4,What are the disadvantages of the primary method of accessing or obtaining Guana Estuary data on [Field-1]? (check all that apply),2,Water quality information (including nutrients and algae),The format the data are delivered / accessed in is not user-friendly,4,NA,MC,MAVR
QID19,2_YD-4_6,YD-4,What are the disadvantages of the primary method of accessing or obtaining Guana Estuary data on [Field-1]? (check all that apply),2,Water quality information (including nutrients and algae),There are no disadvantages,6,NA,MC,MAVR
QID19,2_YD-4_5,YD-4,What are the disadvantages of the primary method of accessing or obtaining Guana Estuary data on [Field-1]? (check all that apply),2,Water quality information (including nutrients and algae),Other (please specify),5,NA,MC,MAVR
QID19,2_YD-4_5_TEXT,YD-4,What are the disadvantages of the primary method of accessing or obtaining Guana Estuary data on [Field-1]? (check all that apply),2,Water quality information (including nutrients and algae),Other (please specify),5,TEXT,MC,MAVR
QID20,2_YD-5,YD-5,How often do/did you access or obtain Guana Estuary data on [Field-1]?,2,Water quality information (including nutrients and algae),Daily,1,NA,MC,SAVR
QID20,2_YD-5,YD-5,How often do/did you access or obtain Guana Estuary data on [Field-1]?,2,Water quality information (including nutrients and algae),At least once a week,2,NA,MC,SAVR
QID20,2_YD-5,YD-5,How often do/did you access or obtain Guana Estuary data on [Field-1]?,2,Water quality information (including nutrients and algae),2-3 times a month,3,NA,MC,SAVR
QID20,2_YD-5,YD-5,How often do/did you access or obtain Guana Estuary data on [Field-1]?,2,Water quality information (including nutrients and algae),Once a month,4,NA,MC,SAVR
QID20,2_YD-5,YD-5,How often do/did you access or obtain Guana Estuary data on [Field-1]?,2,Water quality information (including nutrients and algae),Once every 6 months,5,NA,MC,SAVR
QID20,2_YD-5,YD-5,How often do/did you access or obtain Guana Estuary data on [Field-1]?,2,Water quality information (including nutrients and algae),Once every year,6,NA,MC,SAVR
QID20,2_YD-5,YD-5,How often do/did you access or obtain Guana Estuary data on [Field-1]?,2,Water quality information (including nutrients and algae),Less than once a year,7,NA,MC,SAVR
QID21,2_YD-6_1,YD-6,What do you typically use Guana Estuary data on [Field-1] for? (check all that apply),2,Water quality information (including nutrients and algae),Research,1,NA,MC,MAVR
QID21,2_YD-6_2,YD-6,What do you typically use Guana Estuary data on [Field-1] for? (check all that apply),2,Water quality information (including nutrients and algae),Educational purposes,2,NA,MC,MAVR
QID21,2_YD-6_3,YD-6,What do you typically use Guana Estuary data on [Field-1] for? (check all that apply),2,Water quality information (including nutrients and algae),Work-related purposes (not research or education),3,NA,MC,MAVR
QID21,2_YD-6_4,YD-6,What do you typically use Guana Estuary data on [Field-1] for? (check all that apply),2,Water quality information (including nutrients and algae),Decision making (for recreational/educational/scientific visits),4,NA,MC,MAVR
QID21,2_YD-6_5,YD-6,What do you typically use Guana Estuary data on [Field-1] for? (check all that apply),2,Water quality information (including nutrients and algae),Monitoring,5,NA,MC,MAVR
QID21,2_YD-6_6,YD-6,What do you typically use Guana Estuary data on [Field-1] for? (check all that apply),2,Water quality information (including nutrients and algae),Other (please specify),6,NA,MC,MAVR
QID21,2_YD-6_6_TEXT,YD-6,What do you typically use Guana Estuary data on [Field-1] for? (check all that apply),2,Water quality information (including nutrients and algae),Other (please specify),6,TEXT,MC,MAVR
QID22,2_YD-7,YD-7,How well do Guana Estuary data on [Field-1] generally satisfy your need(s)?,2,Water quality information (including nutrients and algae),Not well at all,1,NA,MC,SAVR
QID22,2_YD-7,YD-7,How well do Guana Estuary data on [Field-1] generally satisfy your need(s)?,2,Water quality information (including nutrients and algae),Slightly well,2,NA,MC,SAVR
QID22,2_YD-7,YD-7,How well do Guana Estuary data on [Field-1] generally satisfy your need(s)?,2,Water quality information (including nutrients and algae),Moderately well,3,NA,MC,SAVR
QID22,2_YD-7,YD-7,How well do Guana Estuary data on [Field-1] generally satisfy your need(s)?,2,Water quality information (including nutrients and algae),Very well,4,NA,MC,SAVR
QID22,2_YD-7,YD-7,How well do Guana Estuary data on [Field-1] generally satisfy your need(s)?,2,Water quality information (including nutrients and algae),Extremely well,5,NA,MC,SAVR
QID17,3_YD-2,YD-2,How do you most frequently obtain or access Guana Estuary data on [Field-1]?,3,"Water level information (tides, Guana lake, river)",Request from a GTMNERR staff member by email,1,NA,MC,SAVR
QID17,3_YD-2,YD-2,How do you most frequently obtain or access Guana Estuary data on [Field-1]?,3,"Water level information (tides, Guana lake, river)","Download from website (If so, what website?)",2,NA,MC,SAVR
QID17,3_YD-2,YD-2,How do you most frequently obtain or access Guana Estuary data on [Field-1]?,3,"Water level information (tides, Guana lake, river)",Pick-up paper copy in person,3,NA,MC,SAVR
QID17,3_YD-2,YD-2,How do you most frequently obtain or access Guana Estuary data on [Field-1]?,3,"Water level information (tides, Guana lake, river)",Other (please specify),4,NA,MC,SAVR
QID17,3_YD-2_2_TEXT,YD-2,How do you most frequently obtain or access Guana Estuary data on [Field-1]?,3,"Water level information (tides, Guana lake, river)","Download from website (If so, what website?)",2,TEXT,MC,SAVR
QID17,3_YD-2_4_TEXT,YD-2,How do you most frequently obtain or access Guana Estuary data on [Field-1]?,3,"Water level information (tides, Guana lake, river)",Other (please specify),4,TEXT,MC,SAVR
QID18,3_YD-3_1,YD-3,What are the advantages of this primary method of accessing or obtaining Guana Estuary data on [Field-1]? (check all that apply),3,"Water level information (tides, Guana lake, river)",Easy/convenient to access,1,NA,MC,MAVR
QID18,3_YD-3_2,YD-3,What are the advantages of this primary method of accessing or obtaining Guana Estuary data on [Field-1]? (check all that apply),3,"Water level information (tides, Guana lake, river)",Data is received quickly after request,2,NA,MC,MAVR
QID18,3_YD-3_3,YD-3,What are the advantages of this primary method of accessing or obtaining Guana Estuary data on [Field-1]? (check all that apply),3,"Water level information (tides, Guana lake, river)",Requesting the data is quick,3,NA,MC,MAVR
QID18,3_YD-3_4,YD-3,What are the advantages of this primary method of accessing or obtaining Guana Estuary data on [Field-1]? (check all that apply),3,"Water level information (tides, Guana lake, river)",The format the data are delivered / accessed in is useful,4,NA,MC,MAVR
QID18,3_YD-3_6,YD-3,What are the advantages of this primary method of accessing or obtaining Guana Estuary data on [Field-1]? (check all that apply),3,"Water level information (tides, Guana lake, river)",There are no advantages,6,NA,MC,MAVR
QID18,3_YD-3_5,YD-3,What are the advantages of this primary method of accessing or obtaining Guana Estuary data on [Field-1]? (check all that apply),3,"Water level information (tides, Guana lake, river)",Other (please specify),5,NA,MC,MAVR
QID18,3_YD-3_5_TEXT,YD-3,What are the advantages of this primary method of accessing or obtaining Guana Estuary data on [Field-1]? (check all that apply),3,"Water level information (tides, Guana lake, river)",Other (please specify),5,TEXT,MC,MAVR
QID19,3_YD-4_1,YD-4,What are the disadvantages of the primary method of accessing or obtaining Guana Estuary data on [Field-1]? (check all that apply),3,"Water level information (tides, Guana lake, river)",Difficult/Complicated to access,1,NA,MC,MAVR
QID19,3_YD-4_2,YD-4,What are the disadvantages of the primary method of accessing or obtaining Guana Estuary data on [Field-1]? (check all that apply),3,"Water level information (tides, Guana lake, river)",Slow to receive,2,NA,MC,MAVR
QID19,3_YD-4_3,YD-4,What are the disadvantages of the primary method of accessing or obtaining Guana Estuary data on [Field-1]? (check all that apply),3,"Water level information (tides, Guana lake, river)",Time consuming to request,3,NA,MC,MAVR
QID19,3_YD-4_4,YD-4,What are the disadvantages of the primary method of accessing or obtaining Guana Estuary data on [Field-1]? (check all that apply),3,"Water level information (tides, Guana lake, river)",The format the data are delivered / accessed in is not user-friendly,4,NA,MC,MAVR
QID19,3_YD-4_6,YD-4,What are the disadvantages of the primary method of accessing or obtaining Guana Estuary data on [Field-1]? (check all that apply),3,"Water level information (tides, Guana lake, river)",There are no disadvantages,6,NA,MC,MAVR
QID19,3_YD-4_5,YD-4,What are the disadvantages of the primary method of accessing or obtaining Guana Estuary data on [Field-1]? (check all that apply),3,"Water level information (tides, Guana lake, river)",Other (please specify),5,NA,MC,MAVR
QID19,3_YD-4_5_TEXT,YD-4,What are the disadvantages of the primary method of accessing or obtaining Guana Estuary data on [Field-1]? (check all that apply),3,"Water level information (tides, Guana lake, river)",Other (please specify),5,TEXT,MC,MAVR
QID20,3_YD-5,YD-5,How often do/did you access or obtain Guana Estuary data on [Field-1]?,3,"Water level information (tides, Guana lake, river)",Daily,1,NA,MC,SAVR
QID20,3_YD-5,YD-5,How often do/did you access or obtain Guana Estuary data on [Field-1]?,3,"Water level information (tides, Guana lake, river)",At least once a week,2,NA,MC,SAVR
QID20,3_YD-5,YD-5,How often do/did you access or obtain Guana Estuary data on [Field-1]?,3,"Water level information (tides, Guana lake, river)",2-3 times a month,3,NA,MC,SAVR
QID20,3_YD-5,YD-5,How often do/did you access or obtain Guana Estuary data on [Field-1]?,3,"Water level information (tides, Guana lake, river)",Once a month,4,NA,MC,SAVR
QID20,3_YD-5,YD-5,How often do/did you access or obtain Guana Estuary data on [Field-1]?,3,"Water level information (tides, Guana lake, river)",Once every 6 months,5,NA,MC,SAVR
QID20,3_YD-5,YD-5,How often do/did you access or obtain Guana Estuary data on [Field-1]?,3,"Water level information (tides, Guana lake, river)",Once every year,6,NA,MC,SAVR
QID20,3_YD-5,YD-5,How often do/did you access or obtain Guana Estuary data on [Field-1]?,3,"Water level information (tides, Guana lake, river)",Less than once a year,7,NA,MC,SAVR
QID21,3_YD-6_1,YD-6,What do you typically use Guana Estuary data on [Field-1] for? (check all that apply),3,"Water level information (tides, Guana lake, river)",Research,1,NA,MC,MAVR
QID21,3_YD-6_2,YD-6,What do you typically use Guana Estuary data on [Field-1] for? (check all that apply),3,"Water level information (tides, Guana lake, river)",Educational purposes,2,NA,MC,MAVR
QID21,3_YD-6_3,YD-6,What do you typically use Guana Estuary data on [Field-1] for? (check all that apply),3,"Water level information (tides, Guana lake, river)",Work-related purposes (not research or education),3,NA,MC,MAVR
QID21,3_YD-6_4,YD-6,What do you typically use Guana Estuary data on [Field-1] for? (check all that apply),3,"Water level information (tides, Guana lake, river)",Decision making (for recreational/educational/scientific visits),4,NA,MC,MAVR
QID21,3_YD-6_5,YD-6,What do you typically use Guana Estuary data on [Field-1] for? (check all that apply),3,"Water level information (tides, Guana lake, river)",Monitoring,5,NA,MC,MAVR
QID21,3_YD-6_6,YD-6,What do you typically use Guana Estuary data on [Field-1] for? (check all that apply),3,"Water level information (tides, Guana lake, river)",Other (please specify),6,NA,MC,MAVR
QID21,3_YD-6_6_TEXT,YD-6,What do you typically use Guana Estuary data on [Field-1] for? (check all that apply),3,"Water level information (tides, Guana lake, river)",Other (please specify),6,TEXT,MC,MAVR
QID22,3_YD-7,YD-7,How well do Guana Estuary data on [Field-1] generally satisfy your need(s)?,3,"Water level information (tides, Guana lake, river)",Not well at all,1,NA,MC,SAVR
QID22,3_YD-7,YD-7,How well do Guana Estuary data on [Field-1] generally satisfy your need(s)?,3,"Water level information (tides, Guana lake, river)",Slightly well,2,NA,MC,SAVR
QID22,3_YD-7,YD-7,How well do Guana Estuary data on [Field-1] generally satisfy your need(s)?,3,"Water level information (tides, Guana lake, river)",Moderately well,3,NA,MC,SAVR
QID22,3_YD-7,YD-7,How well do Guana Estuary data on [Field-1] generally satisfy your need(s)?,3,"Water level information (tides, Guana lake, river)",Very well,4,NA,MC,SAVR
QID22,3_YD-7,YD-7,How well do Guana Estuary data on [Field-1] generally satisfy your need(s)?,3,"Water level information (tides, Guana lake, river)",Extremely well,5,NA,MC,SAVR
QID17,4_YD-2,YD-2,How do you most frequently obtain or access Guana Estuary data on [Field-1]?,4,Reserve or trail closures,Request from a GTMNERR staff member by email,1,NA,MC,SAVR
QID17,4_YD-2,YD-2,How do you most frequently obtain or access Guana Estuary data on [Field-1]?,4,Reserve or trail closures,"Download from website (If so, what website?)",2,NA,MC,SAVR
QID17,4_YD-2,YD-2,How do you most frequently obtain or access Guana Estuary data on [Field-1]?,4,Reserve or trail closures,Pick-up paper copy in person,3,NA,MC,SAVR
QID17,4_YD-2,YD-2,How do you most frequently obtain or access Guana Estuary data on [Field-1]?,4,Reserve or trail closures,Other (please specify),4,NA,MC,SAVR
QID17,4_YD-2_2_TEXT,YD-2,How do you most frequently obtain or access Guana Estuary data on [Field-1]?,4,Reserve or trail closures,"Download from website (If so, what website?)",2,TEXT,MC,SAVR
QID17,4_YD-2_4_TEXT,YD-2,How do you most frequently obtain or access Guana Estuary data on [Field-1]?,4,Reserve or trail closures,Other (please specify),4,TEXT,MC,SAVR
QID18,4_YD-3_1,YD-3,What are the advantages of this primary method of accessing or obtaining Guana Estuary data on [Field-1]? (check all that apply),4,Reserve or trail closures,Easy/convenient to access,1,NA,MC,MAVR
QID18,4_YD-3_2,YD-3,What are the advantages of this primary method of accessing or obtaining Guana Estuary data on [Field-1]? (check all that apply),4,Reserve or trail closures,Data is received quickly after request,2,NA,MC,MAVR
QID18,4_YD-3_3,YD-3,What are the advantages of this primary method of accessing or obtaining Guana Estuary data on [Field-1]? (check all that apply),4,Reserve or trail closures,Requesting the data is quick,3,NA,MC,MAVR
QID18,4_YD-3_4,YD-3,What are the advantages of this primary method of accessing or obtaining Guana Estuary data on [Field-1]? (check all that apply),4,Reserve or trail closures,The format the data are delivered / accessed in is useful,4,NA,MC,MAVR
QID18,4_YD-3_6,YD-3,What are the advantages of this primary method of accessing or obtaining Guana Estuary data on [Field-1]? (check all that apply),4,Reserve or trail closures,There are no advantages,6,NA,MC,MAVR
QID18,4_YD-3_5,YD-3,What are the advantages of this primary method of accessing or obtaining Guana Estuary data on [Field-1]? (check all that apply),4,Reserve or trail closures,Other (please specify),5,NA,MC,MAVR
QID18,4_YD-3_5_TEXT,YD-3,What are the advantages of this primary method of accessing or obtaining Guana Estuary data on [Field-1]? (check all that apply),4,Reserve or trail closures,Other (please specify),5,TEXT,MC,MAVR
QID19,4_YD-4_1,YD-4,What are the disadvantages of the primary method of accessing or obtaining Guana Estuary data on [Field-1]? (check all that apply),4,Reserve or trail closures,Difficult/Complicated to access,1,NA,MC,MAVR
QID19,4_YD-4_2,YD-4,What are the disadvantages of the primary method of accessing or obtaining Guana Estuary data on [Field-1]? (check all that apply),4,Reserve or trail closures,Slow to receive,2,NA,MC,MAVR
QID19,4_YD-4_3,YD-4,What are the disadvantages of the primary method of accessing or obtaining Guana Estuary data on [Field-1]? (check all that apply),4,Reserve or trail closures,Time consuming to request,3,NA,MC,MAVR
QID19,4_YD-4_4,YD-4,What are the disadvantages of the primary method of accessing or obtaining Guana Estuary data on [Field-1]? (check all that apply),4,Reserve or trail closures,The format the data are delivered / accessed in is not user-friendly,4,NA,MC,MAVR
QID19,4_YD-4_6,YD-4,What are the disadvantages of the primary method of accessing or obtaining Guana Estuary data on [Field-1]? (check all that apply),4,Reserve or trail closures,There are no disadvantages,6,NA,MC,MAVR
QID19,4_YD-4_5,YD-4,What are the disadvantages of the primary method of accessing or obtaining Guana Estuary data on [Field-1]? (check all that apply),4,Reserve or trail closures,Other (please specify),5,NA,MC,MAVR
QID19,4_YD-4_5_TEXT,YD-4,What are the disadvantages of the primary method of accessing or obtaining Guana Estuary data on [Field-1]? (check all that apply),4,Reserve or trail closures,Other (please specify),5,TEXT,MC,MAVR
QID20,4_YD-5,YD-5,How often do/did you access or obtain Guana Estuary data on [Field-1]?,4,Reserve or trail closures,Daily,1,NA,MC,SAVR
QID20,4_YD-5,YD-5,How often do/did you access or obtain Guana Estuary data on [Field-1]?,4,Reserve or trail closures,At least once a week,2,NA,MC,SAVR
QID20,4_YD-5,YD-5,How often do/did you access or obtain Guana Estuary data on [Field-1]?,4,Reserve or trail closures,2-3 times a month,3,NA,MC,SAVR
QID20,4_YD-5,YD-5,How often do/did you access or obtain Guana Estuary data on [Field-1]?,4,Reserve or trail closures,Once a month,4,NA,MC,SAVR
QID20,4_YD-5,YD-5,How often do/did you access or obtain Guana Estuary data on [Field-1]?,4,Reserve or trail closures,Once every 6 months,5,NA,MC,SAVR
QID20,4_YD-5,YD-5,How often do/did you access or obtain Guana Estuary data on [Field-1]?,4,Reserve or trail closures,Once every year,6,NA,MC,SAVR
QID20,4_YD-5,YD-5,How often do/did you access or obtain Guana Estuary data on [Field-1]?,4,Reserve or trail closures,Less than once a year,7,NA,MC,SAVR
QID21,4_YD-6_1,YD-6,What do you typically use Guana Estuary data on [Field-1] for? (check all that apply),4,Reserve or trail closures,Research,1,NA,MC,MAVR
QID21,4_YD-6_2,YD-6,What do you typically use Guana Estuary data on [Field-1] for? (check all that apply),4,Reserve or trail closures,Educational purposes,2,NA,MC,MAVR
QID21,4_YD-6_3,YD-6,What do you typically use Guana Estuary data on [Field-1] for? (check all that apply),4,Reserve or trail closures,Work-related purposes (not research or education),3,NA,MC,MAVR
QID21,4_YD-6_4,YD-6,What do you typically use Guana Estuary data on [Field-1] for? (check all that apply),4,Reserve or trail closures,Decision making (for recreational/educational/scientific visits),4,NA,MC,MAVR
QID21,4_YD-6_5,YD-6,What do you typically use Guana Estuary data on [Field-1] for? (check all that apply),4,Reserve or trail closures,Monitoring,5,NA,MC,MAVR
QID21,4_YD-6_6,YD-6,What do you typically use Guana Estuary data on [Field-1] for? (check all that apply),4,Reserve or trail closures,Other (please specify),6,NA,MC,MAVR
QID21,4_YD-6_6_TEXT,YD-6,What do you typically use Guana Estuary data on [Field-1] for? (check all that apply),4,Reserve or trail closures,Other (please specify),6,TEXT,MC,MAVR
QID22,4_YD-7,YD-7,How well do Guana Estuary data on [Field-1] generally satisfy your need(s)?,4,Reserve or trail closures,Not well at all,1,NA,MC,SAVR
QID22,4_YD-7,YD-7,How well do Guana Estuary data on [Field-1] generally satisfy your need(s)?,4,Reserve or trail closures,Slightly well,2,NA,MC,SAVR
QID22,4_YD-7,YD-7,How well do Guana Estuary data on [Field-1] generally satisfy your need(s)?,4,Reserve or trail closures,Moderately well,3,NA,MC,SAVR
QID22,4_YD-7,YD-7,How well do Guana Estuary data on [Field-1] generally satisfy your need(s)?,4,Reserve or trail closures,Very well,4,NA,MC,SAVR
QID22,4_YD-7,YD-7,How well do Guana Estuary data on [Field-1] generally satisfy your need(s)?,4,Reserve or trail closures,Extremely well,5,NA,MC,SAVR
QID17,5_YD-2,YD-2,How do you most frequently obtain or access Guana Estuary data on [Field-1]?,5,Information on vegetation (salt marsh or uplands),Request from a GTMNERR staff member by email,1,NA,MC,SAVR
QID17,5_YD-2,YD-2,How do you most frequently obtain or access Guana Estuary data on [Field-1]?,5,Information on vegetation (salt marsh or uplands),"Download from website (If so, what website?)",2,NA,MC,SAVR
QID17,5_YD-2,YD-2,How do you most frequently obtain or access Guana Estuary data on [Field-1]?,5,Information on vegetation (salt marsh or uplands),Pick-up paper copy in person,3,NA,MC,SAVR
QID17,5_YD-2,YD-2,How do you most frequently obtain or access Guana Estuary data on [Field-1]?,5,Information on vegetation (salt marsh or uplands),Other (please specify),4,NA,MC,SAVR
QID17,5_YD-2_2_TEXT,YD-2,How do you most frequently obtain or access Guana Estuary data on [Field-1]?,5,Information on vegetation (salt marsh or uplands),"Download from website (If so, what website?)",2,TEXT,MC,SAVR
QID17,5_YD-2_4_TEXT,YD-2,How do you most frequently obtain or access Guana Estuary data on [Field-1]?,5,Information on vegetation (salt marsh or uplands),Other (please specify),4,TEXT,MC,SAVR
QID18,5_YD-3_1,YD-3,What are the advantages of this primary method of accessing or obtaining Guana Estuary data on [Field-1]? (check all that apply),5,Information on vegetation (salt marsh or uplands),Easy/convenient to access,1,NA,MC,MAVR
QID18,5_YD-3_2,YD-3,What are the advantages of this primary method of accessing or obtaining Guana Estuary data on [Field-1]? (check all that apply),5,Information on vegetation (salt marsh or uplands),Data is received quickly after request,2,NA,MC,MAVR
QID18,5_YD-3_3,YD-3,What are the advantages of this primary method of accessing or obtaining Guana Estuary data on [Field-1]? (check all that apply),5,Information on vegetation (salt marsh or uplands),Requesting the data is quick,3,NA,MC,MAVR
QID18,5_YD-3_4,YD-3,What are the advantages of this primary method of accessing or obtaining Guana Estuary data on [Field-1]? (check all that apply),5,Information on vegetation (salt marsh or uplands),The format the data are delivered / accessed in is useful,4,NA,MC,MAVR
QID18,5_YD-3_6,YD-3,What are the advantages of this primary method of accessing or obtaining Guana Estuary data on [Field-1]? (check all that apply),5,Information on vegetation (salt marsh or uplands),There are no advantages,6,NA,MC,MAVR
QID18,5_YD-3_5,YD-3,What are the advantages of this primary method of accessing or obtaining Guana Estuary data on [Field-1]? (check all that apply),5,Information on vegetation (salt marsh or uplands),Other (please specify),5,NA,MC,MAVR
QID18,5_YD-3_5_TEXT,YD-3,What are the advantages of this primary method of accessing or obtaining Guana Estuary data on [Field-1]? (check all that apply),5,Information on vegetation (salt marsh or uplands),Other (please specify),5,TEXT,MC,MAVR
QID19,5_YD-4_1,YD-4,What are the disadvantages of the primary method of accessing or obtaining Guana Estuary data on [Field-1]? (check all that apply),5,Information on vegetation (salt marsh or uplands),Difficult/Complicated to access,1,NA,MC,MAVR
QID19,5_YD-4_2,YD-4,What are the disadvantages of the primary method of accessing or obtaining Guana Estuary data on [Field-1]? (check all that apply),5,Information on vegetation (salt marsh or uplands),Slow to receive,2,NA,MC,MAVR
QID19,5_YD-4_3,YD-4,What are the disadvantages of the primary method of accessing or obtaining Guana Estuary data on [Field-1]? (check all that apply),5,Information on vegetation (salt marsh or uplands),Time consuming to request,3,NA,MC,MAVR
QID19,5_YD-4_4,YD-4,What are the disadvantages of the primary method of accessing or obtaining Guana Estuary data on [Field-1]? (check all that apply),5,Information on vegetation (salt marsh or uplands),The format the data are delivered / accessed in is not user-friendly,4,NA,MC,MAVR
QID19,5_YD-4_6,YD-4,What are the disadvantages of the primary method of accessing or obtaining Guana Estuary data on [Field-1]? (check all that apply),5,Information on vegetation (salt marsh or uplands),There are no disadvantages,6,NA,MC,MAVR
QID19,5_YD-4_5,YD-4,What are the disadvantages of the primary method of accessing or obtaining Guana Estuary data on [Field-1]? (check all that apply),5,Information on vegetation (salt marsh or uplands),Other (please specify),5,NA,MC,MAVR
QID19,5_YD-4_5_TEXT,YD-4,What are the disadvantages of the primary method of accessing or obtaining Guana Estuary data on [Field-1]? (check all that apply),5,Information on vegetation (salt marsh or uplands),Other (please specify),5,TEXT,MC,MAVR
QID20,5_YD-5,YD-5,How often do/did you access or obtain Guana Estuary data on [Field-1]?,5,Information on vegetation (salt marsh or uplands),Daily,1,NA,MC,SAVR
QID20,5_YD-5,YD-5,How often do/did you access or obtain Guana Estuary data on [Field-1]?,5,Information on vegetation (salt marsh or uplands),At least once a week,2,NA,MC,SAVR
QID20,5_YD-5,YD-5,How often do/did you access or obtain Guana Estuary data on [Field-1]?,5,Information on vegetation (salt marsh or uplands),2-3 times a month,3,NA,MC,SAVR
QID20,5_YD-5,YD-5,How often do/did you access or obtain Guana Estuary data on [Field-1]?,5,Information on vegetation (salt marsh or uplands),Once a month,4,NA,MC,SAVR
QID20,5_YD-5,YD-5,How often do/did you access or obtain Guana Estuary data on [Field-1]?,5,Information on vegetation (salt marsh or uplands),Once every 6 months,5,NA,MC,SAVR
QID20,5_YD-5,YD-5,How often do/did you access or obtain Guana Estuary data on [Field-1]?,5,Information on vegetation (salt marsh or uplands),Once every year,6,NA,MC,SAVR
QID20,5_YD-5,YD-5,How often do/did you access or obtain Guana Estuary data on [Field-1]?,5,Information on vegetation (salt marsh or uplands),Less than once a year,7,NA,MC,SAVR
QID21,5_YD-6_1,YD-6,What do you typically use Guana Estuary data on [Field-1] for? (check all that apply),5,Information on vegetation (salt marsh or uplands),Research,1,NA,MC,MAVR
QID21,5_YD-6_2,YD-6,What do you typically use Guana Estuary data on [Field-1] for? (check all that apply),5,Information on vegetation (salt marsh or uplands),Educational purposes,2,NA,MC,MAVR
QID21,5_YD-6_3,YD-6,What do you typically use Guana Estuary data on [Field-1] for? (check all that apply),5,Information on vegetation (salt marsh or uplands),Work-related purposes (not research or education),3,NA,MC,MAVR
QID21,5_YD-6_4,YD-6,What do you typically use Guana Estuary data on [Field-1] for? (check all that apply),5,Information on vegetation (salt marsh or uplands),Decision making (for recreational/educational/scientific visits),4,NA,MC,MAVR
QID21,5_YD-6_5,YD-6,What do you typically use Guana Estuary data on [Field-1] for? (check all that apply),5,Information on vegetation (salt marsh or uplands),Monitoring,5,NA,MC,MAVR
QID21,5_YD-6_6,YD-6,What do you typically use Guana Estuary data on [Field-1] for? (check all that apply),5,Information on vegetation (salt marsh or uplands),Other (please specify),6,NA,MC,MAVR
QID21,5_YD-6_6_TEXT,YD-6,What do you typically use Guana Estuary data on [Field-1] for? (check all that apply),5,Information on vegetation (salt marsh or uplands),Other (please specify),6,TEXT,MC,MAVR
QID22,5_YD-7,YD-7,How well do Guana Estuary data on [Field-1] generally satisfy your need(s)?,5,Information on vegetation (salt marsh or uplands),Not well at all,1,NA,MC,SAVR
QID22,5_YD-7,YD-7,How well do Guana Estuary data on [Field-1] generally satisfy your need(s)?,5,Information on vegetation (salt marsh or uplands),Slightly well,2,NA,MC,SAVR
QID22,5_YD-7,YD-7,How well do Guana Estuary data on [Field-1] generally satisfy your need(s)?,5,Information on vegetation (salt marsh or uplands),Moderately well,3,NA,MC,SAVR
QID22,5_YD-7,YD-7,How well do Guana Estuary data on [Field-1] generally satisfy your need(s)?,5,Information on vegetation (salt marsh or uplands),Very well,4,NA,MC,SAVR
QID22,5_YD-7,YD-7,How well do Guana Estuary data on [Field-1] generally satisfy your need(s)?,5,Information on vegetation (salt marsh or uplands),Extremely well,5,NA,MC,SAVR
QID17,6_YD-2,YD-2,How do you most frequently obtain or access Guana Estuary data on [Field-1]?,6,"Information on fish, shellfish or other aquatic organisms",Request from a GTMNERR staff member by email,1,NA,MC,SAVR
QID17,6_YD-2,YD-2,How do you most frequently obtain or access Guana Estuary data on [Field-1]?,6,"Information on fish, shellfish or other aquatic organisms","Download from website (If so, what website?)",2,NA,MC,SAVR
QID17,6_YD-2,YD-2,How do you most frequently obtain or access Guana Estuary data on [Field-1]?,6,"Information on fish, shellfish or other aquatic organisms",Pick-up paper copy in person,3,NA,MC,SAVR
QID17,6_YD-2,YD-2,How do you most frequently obtain or access Guana Estuary data on [Field-1]?,6,"Information on fish, shellfish or other aquatic organisms",Other (please specify),4,NA,MC,SAVR
QID17,6_YD-2_2_TEXT,YD-2,How do you most frequently obtain or access Guana Estuary data on [Field-1]?,6,"Information on fish, shellfish or other aquatic organisms","Download from website (If so, what website?)",2,TEXT,MC,SAVR
QID17,6_YD-2_4_TEXT,YD-2,How do you most frequently obtain or access Guana Estuary data on [Field-1]?,6,"Information on fish, shellfish or other aquatic organisms",Other (please specify),4,TEXT,MC,SAVR
QID18,6_YD-3_1,YD-3,What are the advantages of this primary method of accessing or obtaining Guana Estuary data on [Field-1]? (check all that apply),6,"Information on fish, shellfish or other aquatic organisms",Easy/convenient to access,1,NA,MC,MAVR
QID18,6_YD-3_2,YD-3,What are the advantages of this primary method of accessing or obtaining Guana Estuary data on [Field-1]? (check all that apply),6,"Information on fish, shellfish or other aquatic organisms",Data is received quickly after request,2,NA,MC,MAVR
QID18,6_YD-3_3,YD-3,What are the advantages of this primary method of accessing or obtaining Guana Estuary data on [Field-1]? (check all that apply),6,"Information on fish, shellfish or other aquatic organisms",Requesting the data is quick,3,NA,MC,MAVR
QID18,6_YD-3_4,YD-3,What are the advantages of this primary method of accessing or obtaining Guana Estuary data on [Field-1]? (check all that apply),6,"Information on fish, shellfish or other aquatic organisms",The format the data are delivered / accessed in is useful,4,NA,MC,MAVR
QID18,6_YD-3_6,YD-3,What are the advantages of this primary method of accessing or obtaining Guana Estuary data on [Field-1]? (check all that apply),6,"Information on fish, shellfish or other aquatic organisms",There are no advantages,6,NA,MC,MAVR
QID18,6_YD-3_5,YD-3,What are the advantages of this primary method of accessing or obtaining Guana Estuary data on [Field-1]? (check all that apply),6,"Information on fish, shellfish or other aquatic organisms",Other (please specify),5,NA,MC,MAVR
QID18,6_YD-3_5_TEXT,YD-3,What are the advantages of this primary method of accessing or obtaining Guana Estuary data on [Field-1]? (check all that apply),6,"Information on fish, shellfish or other aquatic organisms",Other (please specify),5,TEXT,MC,MAVR
QID19,6_YD-4_1,YD-4,What are the disadvantages of the primary method of accessing or obtaining Guana Estuary data on [Field-1]? (check all that apply),6,"Information on fish, shellfish or other aquatic organisms",Difficult/Complicated to access,1,NA,MC,MAVR
QID19,6_YD-4_2,YD-4,What are the disadvantages of the primary method of accessing or obtaining Guana Estuary data on [Field-1]? (check all that apply),6,"Information on fish, shellfish or other aquatic organisms",Slow to receive,2,NA,MC,MAVR
QID19,6_YD-4_3,YD-4,What are the disadvantages of the primary method of accessing or obtaining Guana Estuary data on [Field-1]? (check all that apply),6,"Information on fish, shellfish or other aquatic organisms",Time consuming to request,3,NA,MC,MAVR
QID19,6_YD-4_4,YD-4,What are the disadvantages of the primary method of accessing or obtaining Guana Estuary data on [Field-1]? (check all that apply),6,"Information on fish, shellfish or other aquatic organisms",The format the data are delivered / accessed in is not user-friendly,4,NA,MC,MAVR
QID19,6_YD-4_6,YD-4,What are the disadvantages of the primary method of accessing or obtaining Guana Estuary data on [Field-1]? (check all that apply),6,"Information on fish, shellfish or other aquatic organisms",There are no disadvantages,6,NA,MC,MAVR
QID19,6_YD-4_5,YD-4,What are the disadvantages of the primary method of accessing or obtaining Guana Estuary data on [Field-1]? (check all that apply),6,"Information on fish, shellfish or other aquatic organisms",Other (please specify),5,NA,MC,MAVR
QID19,6_YD-4_5_TEXT,YD-4,What are the disadvantages of the primary method of accessing or obtaining Guana Estuary data on [Field-1]? (check all that apply),6,"Information on fish, shellfish or other aquatic organisms",Other (please specify),5,TEXT,MC,MAVR
QID20,6_YD-5,YD-5,How often do/did you access or obtain Guana Estuary data on [Field-1]?,6,"Information on fish, shellfish or other aquatic organisms",Daily,1,NA,MC,SAVR
QID20,6_YD-5,YD-5,How often do/did you access or obtain Guana Estuary data on [Field-1]?,6,"Information on fish, shellfish or other aquatic organisms",At least once a week,2,NA,MC,SAVR
QID20,6_YD-5,YD-5,How often do/did you access or obtain Guana Estuary data on [Field-1]?,6,"Information on fish, shellfish or other aquatic organisms",2-3 times a month,3,NA,MC,SAVR
QID20,6_YD-5,YD-5,How often do/did you access or obtain Guana Estuary data on [Field-1]?,6,"Information on fish, shellfish or other aquatic organisms",Once a month,4,NA,MC,SAVR
QID20,6_YD-5,YD-5,How often do/did you access or obtain Guana Estuary data on [Field-1]?,6,"Information on fish, shellfish or other aquatic organisms",Once every 6 months,5,NA,MC,SAVR
QID20,6_YD-5,YD-5,How often do/did you access or obtain Guana Estuary data on [Field-1]?,6,"Information on fish, shellfish or other aquatic organisms",Once every year,6,NA,MC,SAVR
QID20,6_YD-5,YD-5,How often do/did you access or obtain Guana Estuary data on [Field-1]?,6,"Information on fish, shellfish or other aquatic organisms",Less than once a year,7,NA,MC,SAVR
QID21,6_YD-6_1,YD-6,What do you typically use Guana Estuary data on [Field-1] for? (check all that apply),6,"Information on fish, shellfish or other aquatic organisms",Research,1,NA,MC,MAVR
QID21,6_YD-6_2,YD-6,What do you typically use Guana Estuary data on [Field-1] for? (check all that apply),6,"Information on fish, shellfish or other aquatic organisms",Educational purposes,2,NA,MC,MAVR
QID21,6_YD-6_3,YD-6,What do you typically use Guana Estuary data on [Field-1] for? (check all that apply),6,"Information on fish, shellfish or other aquatic organisms",Work-related purposes (not research or education),3,NA,MC,MAVR
QID21,6_YD-6_4,YD-6,What do you typically use Guana Estuary data on [Field-1] for? (check all that apply),6,"Information on fish, shellfish or other aquatic organisms",Decision making (for recreational/educational/scientific visits),4,NA,MC,MAVR
QID21,6_YD-6_5,YD-6,What do you typically use Guana Estuary data on [Field-1] for? (check all that apply),6,"Information on fish, shellfish or other aquatic organisms",Monitoring,5,NA,MC,MAVR
QID21,6_YD-6_6,YD-6,What do you typically use Guana Estuary data on [Field-1] for? (check all that apply),6,"Information on fish, shellfish or other aquatic organisms",Other (please specify),6,NA,MC,MAVR
QID21,6_YD-6_6_TEXT,YD-6,What do you typically use Guana Estuary data on [Field-1] for? (check all that apply),6,"Information on fish, shellfish or other aquatic organisms",Other (please specify),6,TEXT,MC,MAVR
QID22,6_YD-7,YD-7,How well do Guana Estuary data on [Field-1] generally satisfy your need(s)?,6,"Information on fish, shellfish or other aquatic organisms",Not well at all,1,NA,MC,SAVR
QID22,6_YD-7,YD-7,How well do Guana Estuary data on [Field-1] generally satisfy your need(s)?,6,"Information on fish, shellfish or other aquatic organisms",Slightly well,2,NA,MC,SAVR
QID22,6_YD-7,YD-7,How well do Guana Estuary data on [Field-1] generally satisfy your need(s)?,6,"Information on fish, shellfish or other aquatic organisms",Moderately well,3,NA,MC,SAVR
QID22,6_YD-7,YD-7,How well do Guana Estuary data on [Field-1] generally satisfy your need(s)?,6,"Information on fish, shellfish or other aquatic organisms",Very well,4,NA,MC,SAVR
QID22,6_YD-7,YD-7,How well do Guana Estuary data on [Field-1] generally satisfy your need(s)?,6,"Information on fish, shellfish or other aquatic organisms",Extremely well,5,NA,MC,SAVR
QID17,7_YD-2,YD-2,How do you most frequently obtain or access Guana Estuary data on [Field-1]?,7,Information on terrestrial animals,Request from a GTMNERR staff member by email,1,NA,MC,SAVR
QID17,7_YD-2,YD-2,How do you most frequently obtain or access Guana Estuary data on [Field-1]?,7,Information on terrestrial animals,"Download from website (If so, what website?)",2,NA,MC,SAVR
QID17,7_YD-2,YD-2,How do you most frequently obtain or access Guana Estuary data on [Field-1]?,7,Information on terrestrial animals,Pick-up paper copy in person,3,NA,MC,SAVR
QID17,7_YD-2,YD-2,How do you most frequently obtain or access Guana Estuary data on [Field-1]?,7,Information on terrestrial animals,Other (please specify),4,NA,MC,SAVR
QID17,7_YD-2_2_TEXT,YD-2,How do you most frequently obtain or access Guana Estuary data on [Field-1]?,7,Information on terrestrial animals,"Download from website (If so, what website?)",2,TEXT,MC,SAVR
QID17,7_YD-2_4_TEXT,YD-2,How do you most frequently obtain or access Guana Estuary data on [Field-1]?,7,Information on terrestrial animals,Other (please specify),4,TEXT,MC,SAVR
QID18,7_YD-3_1,YD-3,What are the advantages of this primary method of accessing or obtaining Guana Estuary data on [Field-1]? (check all that apply),7,Information on terrestrial animals,Easy/convenient to access,1,NA,MC,MAVR
QID18,7_YD-3_2,YD-3,What are the advantages of this primary method of accessing or obtaining Guana Estuary data on [Field-1]? (check all that apply),7,Information on terrestrial animals,Data is received quickly after request,2,NA,MC,MAVR
QID18,7_YD-3_3,YD-3,What are the advantages of this primary method of accessing or obtaining Guana Estuary data on [Field-1]? (check all that apply),7,Information on terrestrial animals,Requesting the data is quick,3,NA,MC,MAVR
QID18,7_YD-3_4,YD-3,What are the advantages of this primary method of accessing or obtaining Guana Estuary data on [Field-1]? (check all that apply),7,Information on terrestrial animals,The format the data are delivered / accessed in is useful,4,NA,MC,MAVR
QID18,7_YD-3_6,YD-3,What are the advantages of this primary method of accessing or obtaining Guana Estuary data on [Field-1]? (check all that apply),7,Information on terrestrial animals,There are no advantages,6,NA,MC,MAVR
QID18,7_YD-3_5,YD-3,What are the advantages of this primary method of accessing or obtaining Guana Estuary data on [Field-1]? (check all that apply),7,Information on terrestrial animals,Other (please specify),5,NA,MC,MAVR
QID18,7_YD-3_5_TEXT,YD-3,What are the advantages of this primary method of accessing or obtaining Guana Estuary data on [Field-1]? (check all that apply),7,Information on terrestrial animals,Other (please specify),5,TEXT,MC,MAVR
QID19,7_YD-4_1,YD-4,What are the disadvantages of the primary method of accessing or obtaining Guana Estuary data on [Field-1]? (check all that apply),7,Information on terrestrial animals,Difficult/Complicated to access,1,NA,MC,MAVR
QID19,7_YD-4_2,YD-4,What are the disadvantages of the primary method of accessing or obtaining Guana Estuary data on [Field-1]? (check all that apply),7,Information on terrestrial animals,Slow to receive,2,NA,MC,MAVR
QID19,7_YD-4_3,YD-4,What are the disadvantages of the primary method of accessing or obtaining Guana Estuary data on [Field-1]? (check all that apply),7,Information on terrestrial animals,Time consuming to request,3,NA,MC,MAVR
QID19,7_YD-4_4,YD-4,What are the disadvantages of the primary method of accessing or obtaining Guana Estuary data on [Field-1]? (check all that apply),7,Information on terrestrial animals,The format the data are delivered / accessed in is not user-friendly,4,NA,MC,MAVR
QID19,7_YD-4_6,YD-4,What are the disadvantages of the primary method of accessing or obtaining Guana Estuary data on [Field-1]? (check all that apply),7,Information on terrestrial animals,There are no disadvantages,6,NA,MC,MAVR
QID19,7_YD-4_5,YD-4,What are the disadvantages of the primary method of accessing or obtaining Guana Estuary data on [Field-1]? (check all that apply),7,Information on terrestrial animals,Other (please specify),5,NA,MC,MAVR
QID19,7_YD-4_5_TEXT,YD-4,What are the disadvantages of the primary method of accessing or obtaining Guana Estuary data on [Field-1]? (check all that apply),7,Information on terrestrial animals,Other (please specify),5,TEXT,MC,MAVR
QID20,7_YD-5,YD-5,How often do/did you access or obtain Guana Estuary data on [Field-1]?,7,Information on terrestrial animals,Daily,1,NA,MC,SAVR
QID20,7_YD-5,YD-5,How often do/did you access or obtain Guana Estuary data on [Field-1]?,7,Information on terrestrial animals,At least once a week,2,NA,MC,SAVR
QID20,7_YD-5,YD-5,How often do/did you access or obtain Guana Estuary data on [Field-1]?,7,Information on terrestrial animals,2-3 times a month,3,NA,MC,SAVR
QID20,7_YD-5,YD-5,How often do/did you access or obtain Guana Estuary data on [Field-1]?,7,Information on terrestrial animals,Once a month,4,NA,MC,SAVR
QID20,7_YD-5,YD-5,How often do/did you access or obtain Guana Estuary data on [Field-1]?,7,Information on terrestrial animals,Once every 6 months,5,NA,MC,SAVR
QID20,7_YD-5,YD-5,How often do/did you access or obtain Guana Estuary data on [Field-1]?,7,Information on terrestrial animals,Once every year,6,NA,MC,SAVR
QID20,7_YD-5,YD-5,How often do/did you access or obtain Guana Estuary data on [Field-1]?,7,Information on terrestrial animals,Less than once a year,7,NA,MC,SAVR
QID21,7_YD-6_1,YD-6,What do you typically use Guana Estuary data on [Field-1] for? (check all that apply),7,Information on terrestrial animals,Research,1,NA,MC,MAVR
QID21,7_YD-6_2,YD-6,What do you typically use Guana Estuary data on [Field-1] for? (check all that apply),7,Information on terrestrial animals,Educational purposes,2,NA,MC,MAVR
QID21,7_YD-6_3,YD-6,What do you typically use Guana Estuary data on [Field-1] for? (check all that apply),7,Information on terrestrial animals,Work-related purposes (not research or education),3,NA,MC,MAVR
QID21,7_YD-6_4,YD-6,What do you typically use Guana Estuary data on [Field-1] for? (check all that apply),7,Information on terrestrial animals,Decision making (for recreational/educational/scientific visits),4,NA,MC,MAVR
QID21,7_YD-6_5,YD-6,What do you typically use Guana Estuary data on [Field-1] for? (check all that apply),7,Information on terrestrial animals,Monitoring,5,NA,MC,MAVR
QID21,7_YD-6_6,YD-6,What do you typically use Guana Estuary data on [Field-1] for? (check all that apply),7,Information on terrestrial animals,Other (please specify),6,NA,MC,MAVR
QID21,7_YD-6_6_TEXT,YD-6,What do you typically use Guana Estuary data on [Field-1] for? (check all that apply),7,Information on terrestrial animals,Other (please specify),6,TEXT,MC,MAVR
QID22,7_YD-7,YD-7,How well do Guana Estuary data on [Field-1] generally satisfy your need(s)?,7,Information on terrestrial animals,Not well at all,1,NA,MC,SAVR
QID22,7_YD-7,YD-7,How well do Guana Estuary data on [Field-1] generally satisfy your need(s)?,7,Information on terrestrial animals,Slightly well,2,NA,MC,SAVR
QID22,7_YD-7,YD-7,How well do Guana Estuary data on [Field-1] generally satisfy your need(s)?,7,Information on terrestrial animals,Moderately well,3,NA,MC,SAVR
QID22,7_YD-7,YD-7,How well do Guana Estuary data on [Field-1] generally satisfy your need(s)?,7,Information on terrestrial animals,Very well,4,NA,MC,SAVR
QID22,7_YD-7,YD-7,How well do Guana Estuary data on [Field-1] generally satisfy your need(s)?,7,Information on terrestrial animals,Extremely well,5,NA,MC,SAVR
QID17,8_YD-2,YD-2,How do you most frequently obtain or access Guana Estuary data on [Field-1]?,8,Other (please specify),Request from a GTMNERR staff member by email,1,NA,MC,SAVR
QID17,8_YD-2,YD-2,How do you most frequently obtain or access Guana Estuary data on [Field-1]?,8,Other (please specify),"Download from website (If so, what website?)",2,NA,MC,SAVR
QID17,8_YD-2,YD-2,How do you most frequently obtain or access Guana Estuary data on [Field-1]?,8,Other (please specify),Pick-up paper copy in person,3,NA,MC,SAVR
QID17,8_YD-2,YD-2,How do you most frequently obtain or access Guana Estuary data on [Field-1]?,8,Other (please specify),Other (please specify),4,NA,MC,SAVR
QID17,8_YD-2_2_TEXT,YD-2,How do you most frequently obtain or access Guana Estuary data on [Field-1]?,8,Other (please specify),"Download from website (If so, what website?)",2,TEXT,MC,SAVR
QID17,8_YD-2_4_TEXT,YD-2,How do you most frequently obtain or access Guana Estuary data on [Field-1]?,8,Other (please specify),Other (please specify),4,TEXT,MC,SAVR
QID18,8_YD-3_1,YD-3,What are the advantages of this primary method of accessing or obtaining Guana Estuary data on [Field-1]? (check all that apply),8,Other (please specify),Easy/convenient to access,1,NA,MC,MAVR
QID18,8_YD-3_2,YD-3,What are the advantages of this primary method of accessing or obtaining Guana Estuary data on [Field-1]? (check all that apply),8,Other (please specify),Data is received quickly after request,2,NA,MC,MAVR
QID18,8_YD-3_3,YD-3,What are the advantages of this primary method of accessing or obtaining Guana Estuary data on [Field-1]? (check all that apply),8,Other (please specify),Requesting the data is quick,3,NA,MC,MAVR
QID18,8_YD-3_4,YD-3,What are the advantages of this primary method of accessing or obtaining Guana Estuary data on [Field-1]? (check all that apply),8,Other (please specify),The format the data are delivered / accessed in is useful,4,NA,MC,MAVR
QID18,8_YD-3_6,YD-3,What are the advantages of this primary method of accessing or obtaining Guana Estuary data on [Field-1]? (check all that apply),8,Other (please specify),There are no advantages,6,NA,MC,MAVR
QID18,8_YD-3_5,YD-3,What are the advantages of this primary method of accessing or obtaining Guana Estuary data on [Field-1]? (check all that apply),8,Other (please specify),Other (please specify),5,NA,MC,MAVR
QID18,8_YD-3_5_TEXT,YD-3,What are the advantages of this primary method of accessing or obtaining Guana Estuary data on [Field-1]? (check all that apply),8,Other (please specify),Other (please specify),5,TEXT,MC,MAVR
QID19,8_YD-4_1,YD-4,What are the disadvantages of the primary method of accessing or obtaining Guana Estuary data on [Field-1]? (check all that apply),8,Other (please specify),Difficult/Complicated to access,1,NA,MC,MAVR
QID19,8_YD-4_2,YD-4,What are the disadvantages of the primary method of accessing or obtaining Guana Estuary data on [Field-1]? (check all that apply),8,Other (please specify),Slow to receive,2,NA,MC,MAVR
QID19,8_YD-4_3,YD-4,What are the disadvantages of the primary method of accessing or obtaining Guana Estuary data on [Field-1]? (check all that apply),8,Other (please specify),Time consuming to request,3,NA,MC,MAVR
QID19,8_YD-4_4,YD-4,What are the disadvantages of the primary method of accessing or obtaining Guana Estuary data on [Field-1]? (check all that apply),8,Other (please specify),The format the data are delivered / accessed in is not user-friendly,4,NA,MC,MAVR
QID19,8_YD-4_6,YD-4,What are the disadvantages of the primary method of accessing or obtaining Guana Estuary data on [Field-1]? (check all that apply),8,Other (please specify),There are no disadvantages,6,NA,MC,MAVR
QID19,8_YD-4_5,YD-4,What are the disadvantages of the primary method of accessing or obtaining Guana Estuary data on [Field-1]? (check all that apply),8,Other (please specify),Other (please specify),5,NA,MC,MAVR
QID19,8_YD-4_5_TEXT,YD-4,What are the disadvantages of the primary method of accessing or obtaining Guana Estuary data on [Field-1]? (check all that apply),8,Other (please specify),Other (please specify),5,TEXT,MC,MAVR
QID20,8_YD-5,YD-5,How often do/did you access or obtain Guana Estuary data on [Field-1]?,8,Other (please specify),Daily,1,NA,MC,SAVR
QID20,8_YD-5,YD-5,How often do/did you access or obtain Guana Estuary data on [Field-1]?,8,Other (please specify),At least once a week,2,NA,MC,SAVR
QID20,8_YD-5,YD-5,How often do/did you access or obtain Guana Estuary data on [Field-1]?,8,Other (please specify),2-3 times a month,3,NA,MC,SAVR
QID20,8_YD-5,YD-5,How often do/did you access or obtain Guana Estuary data on [Field-1]?,8,Other (please specify),Once a month,4,NA,MC,SAVR
QID20,8_YD-5,YD-5,How often do/did you access or obtain Guana Estuary data on [Field-1]?,8,Other (please specify),Once every 6 months,5,NA,MC,SAVR
QID20,8_YD-5,YD-5,How often do/did you access or obtain Guana Estuary data on [Field-1]?,8,Other (please specify),Once every year,6,NA,MC,SAVR
QID20,8_YD-5,YD-5,How often do/did you access or obtain Guana Estuary data on [Field-1]?,8,Other (please specify),Less than once a year,7,NA,MC,SAVR
QID21,8_YD-6_1,YD-6,What do you typically use Guana Estuary data on [Field-1] for? (check all that apply),8,Other (please specify),Research,1,NA,MC,MAVR
QID21,8_YD-6_2,YD-6,What do you typically use Guana Estuary data on [Field-1] for? (check all that apply),8,Other (please specify),Educational purposes,2,NA,MC,MAVR
QID21,8_YD-6_3,YD-6,What do you typically use Guana Estuary data on [Field-1] for? (check all that apply),8,Other (please specify),Work-related purposes (not research or education),3,NA,MC,MAVR
QID21,8_YD-6_4,YD-6,What do you typically use Guana Estuary data on [Field-1] for? (check all that apply),8,Other (please specify),Decision making (for recreational/educational/scientific visits),4,NA,MC,MAVR
QID21,8_YD-6_5,YD-6,What do you typically use Guana Estuary data on [Field-1] for? (check all that apply),8,Other (please specify),Monitoring,5,NA,MC,MAVR
QID21,8_YD-6_6,YD-6,What do you typically use Guana Estuary data on [Field-1] for? (check all that apply),8,Other (please specify),Other (please specify),6,NA,MC,MAVR
QID21,8_YD-6_6_TEXT,YD-6,What do you typically use Guana Estuary data on [Field-1] for? (check all that apply),8,Other (please specify),Other (please specify),6,TEXT,MC,MAVR
QID22,8_YD-7,YD-7,How well do Guana Estuary data on [Field-1] generally satisfy your need(s)?,8,Other (please specify),Not well at all,1,NA,MC,SAVR
QID22,8_YD-7,YD-7,How well do Guana Estuary data on [Field-1] generally satisfy your need(s)?,8,Other (please specify),Slightly well,2,NA,MC,SAVR
QID22,8_YD-7,YD-7,How well do Guana Estuary data on [Field-1] generally satisfy your need(s)?,8,Other (please specify),Moderately well,3,NA,MC,SAVR
QID22,8_YD-7,YD-7,How well do Guana Estuary data on [Field-1] generally satisfy your need(s)?,8,Other (please specify),Very well,4,NA,MC,SAVR
QID22,8_YD-7,YD-7,How well do Guana Estuary data on [Field-1] generally satisfy your need(s)?,8,Other (please specify),Extremely well,5,NA,MC,SAVR
